-- #1 Selecciono la base de datos de trabajo
USE escuela;

-- #2 Agrego los datos de los grados
INSERT INTO grados (id_grado, nombre_grado, ciclo, turno, docente) VALUES
  (1, 'Primero', 'Primer ciclo', 'Jornada completa', 'Martín Gómez'),
  (2, 'Segundo', 'Primer ciclo', 'Jornada completa', 'Lucas Pérez'),
  (3, 'Tercero', 'Primer ciclo', 'Jornada completa', 'Diego Fernández'),
  (4, 'Cuarto', 'Segundo ciclo', 'Jornada completa', 'María López'),
  (5, 'Quinto', 'Segundo ciclo', 'Jornada completa', 'Laura Díaz'),
  (6, 'Sexto', 'Segundo ciclo', 'Jornada completa', 'Carolina Ruiz'),
  (7, 'Séptimo', 'Segundo ciclo', 'Jornada completa', 'Natalia Soto'),
  (8, 'Primero', 'Primer ciclo', 'Mañana', 'José Ramírez'),
  (9, 'Segundo', 'Primer ciclo', 'Mañana', 'Andrea Medina'),
  (10, 'Tercero', 'Primer ciclo', 'Mañana', 'Lucía Torres'),
  (11, 'Cuarto', 'Segundo ciclo', 'Mañana', 'Sofía Morales'),
  (12, 'Quinto', 'Segundo ciclo', 'Mañana', 'Valentina Castro'),
  (13, 'Sexto', 'Segundo ciclo', 'Mañana', 'Mariana Vega'),
  (14, 'Séptimo', 'Segundo ciclo', 'Mañana', 'Camila Navarro');

-- #3 Agrego los datos de los estudiantes
INSERT INTO estudiantes (id_estudiante, id_grado, nombre, apellido, edad, direccion, nombre_madre, nombre_padre, hermano_en_escuela) VALUES
  (1, 1, 'Mateo', 'López', 6, 'Calle Falsa 123', 'Madre López', 'Padre López', 0),
  (2, 1, 'Santiago', 'Rodríguez', 6, 'Calle Falsa 123', 'Madre Rodríguez', 'Padre Rodríguez', 0),
  (3, 1, 'Martín', 'Fernández', 6, 'Calle Falsa 123', 'Madre Fernández', 'Padre Fernández', 0),
  (4, 1, 'Lucas', 'González', 6, 'Calle Falsa 123', 'Madre González', 'Padre González', 0),
  (5, 1, 'Mateo', 'Pérez', 6, 'Calle Falsa 123', 'Madre Pérez', 'Padre Pérez', 0),
  (6, 1, 'Sofía', 'Sánchez', 6, 'Calle Falsa 123', 'Madre Sánchez', 'Padre Sánchez', 0),
  (7, 1, 'Valentina', 'Romero', 6, 'Calle Falsa 123', 'Madre Romero', 'Padre Romero', 0),
  (8, 1, 'María', 'Díaz', 6, 'Calle Falsa 123', 'Madre Díaz', 'Padre Díaz', 0),
  (9, 1, 'Lucía', 'Torres', 6, 'Calle Falsa 123', 'Madre Torres', 'Padre Torres', 0),
  (10, 1, 'Camila', 'García', 6, 'Calle Falsa 123', 'Madre García', 'Padre García', 0),
  (11, 2, 'Mateo', 'López', 6, 'Calle Falsa 123', 'Madre López', 'Padre López', 0),
  (12, 2, 'Santiago', 'Rodríguez', 6, 'Calle Falsa 123', 'Madre Rodríguez', 'Padre Rodríguez', 0),
  (13, 2, 'Martín', 'Fernández', 6, 'Calle Falsa 123', 'Madre Fernández', 'Padre Fernández', 0),
  (14, 2, 'Lucas', 'González', 6, 'Calle Falsa 123', 'Madre González', 'Padre González', 0),
  (15, 2, 'Sofía', 'Pérez', 6, 'Calle Falsa 123', 'Madre Pérez', 'Padre Pérez', 0),
  (16, 2, 'Valentina', 'Sánchez', 6, 'Calle Falsa 123', 'Madre Sánchez', 'Padre Sánchez', 0),
  (17, 2, 'María', 'Romero', 6, 'Calle Falsa 123', 'Madre Romero', 'Padre Romero', 0),
  (18, 2, 'Lucía', 'Díaz', 6, 'Calle Falsa 123', 'Madre Díaz', 'Padre Díaz', 0),
  (19, 2, 'Camila', 'Torres', 6, 'Calle Falsa 123', 'Madre Torres', 'Padre Torres', 0),
  (20, 2, 'Andrea', 'García', 6, 'Calle Falsa 123', 'Madre García', 'Padre García', 0),
  (21, 2, 'Laura', 'López', 6, 'Calle Falsa 123', 'Madre López', 'Padre López', 0),
  (22, 2, 'Carolina', 'Rodríguez', 6, 'Calle Falsa 123', 'Madre Rodríguez', 'Padre Rodríguez', 0),
  (23, 2, 'Natalia', 'Fernández', 6, 'Calle Falsa 123', 'Madre Fernández', 'Padre Fernández', 0),
  (24, 3, 'Mateo', 'González', 7, 'Calle Falsa 123', 'Madre González', 'Padre González', 0),
  (25, 3, 'Santiago', 'Pérez', 7, 'Calle Falsa 123', 'Madre Pérez', 'Padre Pérez', 0),
  (26, 3, 'Martín', 'Sánchez', 7, 'Calle Falsa 123', 'Madre Sánchez', 'Padre Sánchez', 0),
  (27, 3, 'Lucas', 'Romero', 7, 'Calle Falsa 123', 'Madre Romero', 'Padre Romero', 0),
  (28, 3, 'Mateo', 'Díaz', 7, 'Calle Falsa 123', 'Madre Díaz', 'Padre Díaz', 0),
  (29, 3, 'Santiago', 'Torres', 7, 'Calle Falsa 123', 'Madre Torres', 'Padre Torres', 0),
  (30, 3, 'Sofía', 'García', 7, 'Calle Falsa 123', 'Madre García', 'Padre García', 0),
  (31, 3, 'Valentina', 'López', 7, 'Calle Falsa 123', 'Madre López', 'Padre López', 0),
  (32, 3, 'María', 'Rodríguez', 7, 'Calle Falsa 123', 'Madre Rodríguez', 'Padre Rodríguez', 0),
  (33, 3, 'Lucía', 'Fernández', 7, 'Calle Falsa 123', 'Madre Fernández', 'Padre Fernández', 0),
  (34, 3, 'Camila', 'González', 7, 'Calle Falsa 123', 'Madre González', 'Padre González', 0),
  (35, 3, 'Andrea', 'Pérez', 7, 'Calle Falsa 123', 'Madre Pérez', 'Padre Pérez', 0),
  (36, 3, 'Laura', 'Sánchez', 7, 'Calle Falsa 123', 'Madre Sánchez', 'Padre Sánchez', 0),
  (37, 3, 'Carolina', 'Romero', 7, 'Calle Falsa 123', 'Madre Romero', 'Padre Romero', 0),
  (38, 3, 'Natalia', 'Díaz', 7, 'Calle Falsa 123', 'Madre Díaz', 'Padre Díaz', 0),
  (39, 3, 'Marta', 'Torres', 7, 'Calle Falsa 123', 'Madre Torres', 'Padre Torres', 0),
  (40, 3, 'Sofía', 'García', 7, 'Calle Falsa 123', 'Madre García', 'Padre García', 0),
  (41, 3, 'Valentina', 'López', 7, 'Calle Falsa 123', 'Madre López', 'Padre López', 0),
  (42, 3, 'María', 'Rodríguez', 7, 'Calle Falsa 123', 'Madre Rodríguez', 'Padre Rodríguez', 0),
  (43, 3, 'Lucía', 'Fernández', 7, 'Calle Falsa 123', 'Madre Fernández', 'Padre Fernández', 0),
  (44, 4, 'Mateo', 'González', 7, 'Calle Falsa 123', 'Madre González', 'Padre González', 0),
  (45, 4, 'Santiago', 'Pérez', 7, 'Calle Falsa 123', 'Madre Pérez', 'Padre Pérez', 0),
  (46, 4, 'Martín', 'Sánchez', 7, 'Calle Falsa 123', 'Madre Sánchez', 'Padre Sánchez', 0),
  (47, 4, 'Lucas', 'Romero', 7, 'Calle Falsa 123', 'Madre Romero', 'Padre Romero', 0),
  (48, 4, 'Mateo', 'Díaz', 7, 'Calle Falsa 123', 'Madre Díaz', 'Padre Díaz', 0),
  (49, 4, 'Santiago', 'Torres', 7, 'Calle Falsa 123', 'Madre Torres', 'Padre Torres', 0),
  (50, 4, 'Martín', 'García', 7, 'Calle Falsa 123', 'Madre García', 'Padre García', 0),
  (51, 4, 'Lucas', 'López', 7, 'Calle Falsa 123', 'Madre López', 'Padre López', 0),
  (52, 4, 'Sofía', 'Rodríguez', 7, 'Calle Falsa 123', 'Madre Rodríguez', 'Padre Rodríguez', 0),
  (53, 4, 'Valentina', 'Fernández', 7, 'Calle Falsa 123', 'Madre Fernández', 'Padre Fernández', 0),
  (54, 4, 'María', 'González', 7, 'Calle Falsa 123', 'Madre González', 'Padre González', 0),
  (55, 4, 'Lucía', 'Pérez', 7, 'Calle Falsa 123', 'Madre Pérez', 'Padre Pérez', 0),
  (56, 4, 'Camila', 'Sánchez', 7, 'Calle Falsa 123', 'Madre Sánchez', 'Padre Sánchez', 0),
  (57, 4, 'Andrea', 'Romero', 7, 'Calle Falsa 123', 'Madre Romero', 'Padre Romero', 0),
  (58, 4, 'Laura', 'Díaz', 7, 'Calle Falsa 123', 'Madre Díaz', 'Padre Díaz', 0),
  (59, 4, 'Carolina', 'Torres', 7, 'Calle Falsa 123', 'Madre Torres', 'Padre Torres', 0),
  (60, 4, 'Natalia', 'García', 7, 'Calle Falsa 123', 'Madre García', 'Padre García', 0),
  (61, 4, 'Marta', 'López', 7, 'Calle Falsa 123', 'Madre López', 'Padre López', 0),
  (62, 4, 'Sofía', 'Rodríguez', 7, 'Calle Falsa 123', 'Madre Rodríguez', 'Padre Rodríguez', 0),
  (63, 5, 'Mateo', 'Fernández', 8, 'Calle Falsa 123', 'Madre Fernández', 'Padre Fernández', 0),
  (64, 5, 'Santiago', 'González', 8, 'Calle Falsa 123', 'Madre González', 'Padre González', 0),
  (65, 5, 'Martín', 'Pérez', 8, 'Calle Falsa 123', 'Madre Pérez', 'Padre Pérez', 0),
  (66, 5, 'Lucas', 'Sánchez', 8, 'Calle Falsa 123', 'Madre Sánchez', 'Padre Sánchez', 0),
  (67, 5, 'Mateo', 'Romero', 8, 'Calle Falsa 123', 'Madre Romero', 'Padre Romero', 0),
  (68, 5, 'Santiago', 'Díaz', 8, 'Calle Falsa 123', 'Madre Díaz', 'Padre Díaz', 0),
  (69, 5, 'Martín', 'Torres', 8, 'Calle Falsa 123', 'Madre Torres', 'Padre Torres', 0),
  (70, 5, 'Lucas', 'García', 8, 'Calle Falsa 123', 'Madre García', 'Padre García', 0),
  (71, 5, 'Sofía', 'López', 8, 'Calle Falsa 123', 'Madre López', 'Padre López', 0),
  (72, 5, 'Valentina', 'Rodríguez', 8, 'Calle Falsa 123', 'Madre Rodríguez', 'Padre Rodríguez', 0),
  (73, 5, 'María', 'Fernández', 8, 'Calle Falsa 123', 'Madre Fernández', 'Padre Fernández', 0),
  (74, 5, 'Lucía', 'González', 8, 'Calle Falsa 123', 'Madre González', 'Padre González', 0),
  (75, 5, 'Camila', 'Pérez', 8, 'Calle Falsa 123', 'Madre Pérez', 'Padre Pérez', 0),
  (76, 5, 'Andrea', 'Sánchez', 8, 'Calle Falsa 123', 'Madre Sánchez', 'Padre Sánchez', 0),
  (77, 5, 'Laura', 'Romero', 8, 'Calle Falsa 123', 'Madre Romero', 'Padre Romero', 0),
  (78, 5, 'Carolina', 'Díaz', 8, 'Calle Falsa 123', 'Madre Díaz', 'Padre Díaz', 0),
  (79, 5, 'Natalia', 'Torres', 8, 'Calle Falsa 123', 'Madre Torres', 'Padre Torres', 0),
  (80, 5, 'Marta', 'García', 8, 'Calle Falsa 123', 'Madre García', 'Padre García', 0),
  (81, 5, 'Sofía', 'López', 8, 'Calle Falsa 123', 'Madre López', 'Padre López', 0),
  (82, 6, 'Mateo', 'Rodríguez', 8, 'Calle Falsa 123', 'Madre Rodríguez', 'Padre Rodríguez', 0),
  (83, 6, 'Santiago', 'Fernández', 8, 'Calle Falsa 123', 'Madre Fernández', 'Padre Fernández', 0),
  (84, 6, 'Martín', 'González', 8, 'Calle Falsa 123', 'Madre González', 'Padre González', 0),
  (85, 6, 'Lucas', 'Pérez', 8, 'Calle Falsa 123', 'Madre Pérez', 'Padre Pérez', 0),
  (86, 6, 'Mateo', 'Sánchez', 8, 'Calle Falsa 123', 'Madre Sánchez', 'Padre Sánchez', 0),
  (87, 6, 'Santiago', 'Romero', 8, 'Calle Falsa 123', 'Madre Romero', 'Padre Romero', 0),
  (88, 6, 'Martín', 'Díaz', 8, 'Calle Falsa 123', 'Madre Díaz', 'Padre Díaz', 0),
  (89, 6, 'Lucas', 'Torres', 8, 'Calle Falsa 123', 'Madre Torres', 'Padre Torres', 0),
  (90, 6, 'Mateo', 'García', 8, 'Calle Falsa 123', 'Madre García', 'Padre García', 0),
  (91, 6, 'Sofía', 'López', 8, 'Calle Falsa 123', 'Madre López', 'Padre López', 0),
  (92, 6, 'Valentina', 'Rodríguez', 8, 'Calle Falsa 123', 'Madre Rodríguez', 'Padre Rodríguez', 0),
  (93, 6, 'María', 'Fernández', 8, 'Calle Falsa 123', 'Madre Fernández', 'Padre Fernández', 0),
  (94, 6, 'Lucía', 'González', 8, 'Calle Falsa 123', 'Madre González', 'Padre González', 0),
  (95, 6, 'Camila', 'Pérez', 8, 'Calle Falsa 123', 'Madre Pérez', 'Padre Pérez', 0),
  (96, 6, 'Andrea', 'Sánchez', 8, 'Calle Falsa 123', 'Madre Sánchez', 'Padre Sánchez', 0),
  (97, 6, 'Laura', 'Romero', 8, 'Calle Falsa 123', 'Madre Romero', 'Padre Romero', 0),
  (98, 6, 'Carolina', 'Díaz', 8, 'Calle Falsa 123', 'Madre Díaz', 'Padre Díaz', 0),
  (99, 6, 'Natalia', 'Torres', 8, 'Calle Falsa 123', 'Madre Torres', 'Padre Torres', 0),
  (100, 7, 'Mateo', 'García', 9, 'Calle Falsa 123', 'Madre García', 'Padre García', 0),
  (101, 7, 'Santiago', 'López', 9, 'Calle Falsa 123', 'Madre López', 'Padre López', 0),
  (102, 7, 'Martín', 'Rodríguez', 9, 'Calle Falsa 123', 'Madre Rodríguez', 'Padre Rodríguez', 0),
  (103, 7, 'Lucas', 'Fernández', 9, 'Calle Falsa 123', 'Madre Fernández', 'Padre Fernández', 0),
  (104, 7, 'Mateo', 'González', 9, 'Calle Falsa 123', 'Madre González', 'Padre González', 0),
  (105, 7, 'Santiago', 'Pérez', 9, 'Calle Falsa 123', 'Madre Pérez', 'Padre Pérez', 0),
  (106, 7, 'Martín', 'Sánchez', 9, 'Calle Falsa 123', 'Madre Sánchez', 'Padre Sánchez', 0),
  (107, 7, 'Lucas', 'Romero', 9, 'Calle Falsa 123', 'Madre Romero', 'Padre Romero', 0),
  (108, 7, 'Mateo', 'Díaz', 9, 'Calle Falsa 123', 'Madre Díaz', 'Padre Díaz', 0),
  (109, 7, 'Santiago', 'Torres', 9, 'Calle Falsa 123', 'Madre Torres', 'Padre Torres', 0),
  (110, 7, 'Martín', 'García', 9, 'Calle Falsa 123', 'Madre García', 'Padre García', 0),
  (111, 7, 'Lucas', 'López', 9, 'Calle Falsa 123', 'Madre López', 'Padre López', 0),
  (112, 7, 'Sofía', 'Rodríguez', 9, 'Calle Falsa 123', 'Madre Rodríguez', 'Padre Rodríguez', 0),
  (113, 7, 'Valentina', 'Fernández', 9, 'Calle Falsa 123', 'Madre Fernández', 'Padre Fernández', 0),
  (114, 7, 'María', 'González', 9, 'Calle Falsa 123', 'Madre González', 'Padre González', 0),
  (115, 7, 'Lucía', 'Pérez', 9, 'Calle Falsa 123', 'Madre Pérez', 'Padre Pérez', 0),
  (116, 7, 'Camila', 'Sánchez', 9, 'Calle Falsa 123', 'Madre Sánchez', 'Padre Sánchez', 0),
  (117, 7, 'Andrea', 'Romero', 9, 'Calle Falsa 123', 'Madre Romero', 'Padre Romero', 0),
  (118, 8, 'Mateo', 'Díaz', 9, 'Calle Falsa 123', 'Madre Díaz', 'Padre Díaz', 0),
  (119, 8, 'Santiago', 'Torres', 9, 'Calle Falsa 123', 'Madre Torres', 'Padre Torres', 0),
  (120, 8, 'Martín', 'García', 9, 'Calle Falsa 123', 'Madre García', 'Padre García', 0),
  (121, 8, 'Lucas', 'López', 9, 'Calle Falsa 123', 'Madre López', 'Padre López', 0),
  (122, 8, 'Mateo', 'Rodríguez', 9, 'Calle Falsa 123', 'Madre Rodríguez', 'Padre Rodríguez', 0),
  (123, 8, 'Santiago', 'Fernández', 9, 'Calle Falsa 123', 'Madre Fernández', 'Padre Fernández', 0),
  (124, 8, 'Martín', 'González', 9, 'Calle Falsa 123', 'Madre González', 'Padre González', 0),
  (125, 8, 'Sofía', 'Pérez', 9, 'Calle Falsa 123', 'Madre Pérez', 'Padre Pérez', 0),
  (126, 8, 'Valentina', 'Sánchez', 9, 'Calle Falsa 123', 'Madre Sánchez', 'Padre Sánchez', 0),
  (127, 8, 'María', 'Romero', 9, 'Calle Falsa 123', 'Madre Romero', 'Padre Romero', 0),
  (128, 8, 'Lucía', 'Díaz', 9, 'Calle Falsa 123', 'Madre Díaz', 'Padre Díaz', 0),
  (129, 8, 'Camila', 'Torres', 9, 'Calle Falsa 123', 'Madre Torres', 'Padre Torres', 0),
  (130, 8, 'Andrea', 'García', 9, 'Calle Falsa 123', 'Madre García', 'Padre García', 0),
  (131, 8, 'Laura', 'López', 9, 'Calle Falsa 123', 'Madre López', 'Padre López', 0),
  (132, 8, 'Carolina', 'Rodríguez', 9, 'Calle Falsa 123', 'Madre Rodríguez', 'Padre Rodríguez', 0),
  (133, 8, 'Natalia', 'Fernández', 9, 'Calle Falsa 123', 'Madre Fernández', 'Padre Fernández', 0),
  (134, 8, 'Marta', 'González', 9, 'Calle Falsa 123', 'Madre González', 'Padre González', 0),
  (135, 8, 'Sofía', 'Pérez', 9, 'Calle Falsa 123', 'Madre Pérez', 'Padre Pérez', 0),
  (136, 9, 'Mateo', 'Sánchez', 10, 'Calle Falsa 123', 'Madre Sánchez', 'Padre Sánchez', 0),
  (137, 9, 'Santiago', 'Romero', 10, 'Calle Falsa 123', 'Madre Romero', 'Padre Romero', 0),
  (138, 9, 'Martín', 'Díaz', 10, 'Calle Falsa 123', 'Madre Díaz', 'Padre Díaz', 0),
  (139, 9, 'Lucas', 'Torres', 10, 'Calle Falsa 123', 'Madre Torres', 'Padre Torres', 0),
  (140, 9, 'Mateo', 'García', 10, 'Calle Falsa 123', 'Madre García', 'Padre García', 0),
  (141, 9, 'Santiago', 'López', 10, 'Calle Falsa 123', 'Madre López', 'Padre López', 0),
  (142, 9, 'Martín', 'Rodríguez', 10, 'Calle Falsa 123', 'Madre Rodríguez', 'Padre Rodríguez', 0),
  (143, 9, 'Lucas', 'Fernández', 10, 'Calle Falsa 123', 'Madre Fernández', 'Padre Fernández', 0),
  (144, 9, 'Mateo', 'González', 10, 'Calle Falsa 123', 'Madre González', 'Padre González', 0),
  (145, 9, 'Santiago', 'Pérez', 10, 'Calle Falsa 123', 'Madre Pérez', 'Padre Pérez', 0),
  (146, 9, 'Martín', 'Sánchez', 10, 'Calle Falsa 123', 'Madre Sánchez', 'Padre Sánchez', 0),
  (147, 9, 'Lucas', 'Romero', 10, 'Calle Falsa 123', 'Madre Romero', 'Padre Romero', 0),
  (148, 9, 'Sofía', 'Díaz', 10, 'Calle Falsa 123', 'Madre Díaz', 'Padre Díaz', 0),
  (149, 9, 'Valentina', 'Torres', 10, 'Calle Falsa 123', 'Madre Torres', 'Padre Torres', 0),
  (150, 9, 'María', 'García', 10, 'Calle Falsa 123', 'Madre García', 'Padre García', 0),
  (151, 9, 'Lucía', 'López', 10, 'Calle Falsa 123', 'Madre López', 'Padre López', 0),
  (152, 9, 'Camila', 'Rodríguez', 10, 'Calle Falsa 123', 'Madre Rodríguez', 'Padre Rodríguez', 0),
  (153, 9, 'Andrea', 'Fernández', 10, 'Calle Falsa 123', 'Madre Fernández', 'Padre Fernández', 0),
  (154, 9, 'Laura', 'González', 10, 'Calle Falsa 123', 'Madre González', 'Padre González', 0),
  (155, 9, 'Carolina', 'Pérez', 10, 'Calle Falsa 123', 'Madre Pérez', 'Padre Pérez', 0),
  (156, 10, 'Mateo', 'Sánchez', 10, 'Calle Falsa 123', 'Madre Sánchez', 'Padre Sánchez', 0),
  (157, 10, 'Santiago', 'Romero', 10, 'Calle Falsa 123', 'Madre Romero', 'Padre Romero', 0),
  (158, 10, 'Martín', 'Díaz', 10, 'Calle Falsa 123', 'Madre Díaz', 'Padre Díaz', 0),
  (159, 10, 'Lucas', 'Torres', 10, 'Calle Falsa 123', 'Madre Torres', 'Padre Torres', 0),
  (160, 10, 'Mateo', 'García', 10, 'Calle Falsa 123', 'Madre García', 'Padre García', 0),
  (161, 10, 'Santiago', 'López', 10, 'Calle Falsa 123', 'Madre López', 'Padre López', 0),
  (162, 10, 'Martín', 'Rodríguez', 10, 'Calle Falsa 123', 'Madre Rodríguez', 'Padre Rodríguez', 0),
  (163, 10, 'Lucas', 'Fernández', 10, 'Calle Falsa 123', 'Madre Fernández', 'Padre Fernández', 0),
  (164, 10, 'Mateo', 'González', 10, 'Calle Falsa 123', 'Madre González', 'Padre González', 0),
  (165, 10, 'Sofía', 'Pérez', 10, 'Calle Falsa 123', 'Madre Pérez', 'Padre Pérez', 0),
  (166, 10, 'Valentina', 'Sánchez', 10, 'Calle Falsa 123', 'Madre Sánchez', 'Padre Sánchez', 0),
  (167, 10, 'María', 'Romero', 10, 'Calle Falsa 123', 'Madre Romero', 'Padre Romero', 0),
  (168, 10, 'Lucía', 'Díaz', 10, 'Calle Falsa 123', 'Madre Díaz', 'Padre Díaz', 0),
  (169, 10, 'Camila', 'Torres', 10, 'Calle Falsa 123', 'Madre Torres', 'Padre Torres', 0),
  (170, 10, 'Andrea', 'García', 10, 'Calle Falsa 123', 'Madre García', 'Padre García', 0),
  (171, 10, 'Laura', 'López', 10, 'Calle Falsa 123', 'Madre López', 'Padre López', 0),
  (172, 10, 'Carolina', 'Rodríguez', 10, 'Calle Falsa 123', 'Madre Rodríguez', 'Padre Rodríguez', 0),
  (173, 10, 'Natalia', 'Fernández', 10, 'Calle Falsa 123', 'Madre Fernández', 'Padre Fernández', 0),
  (174, 10, 'Marta', 'González', 10, 'Calle Falsa 123', 'Madre González', 'Padre González', 0),
  (175, 10, 'Sofía', 'Pérez', 10, 'Calle Falsa 123', 'Madre Pérez', 'Padre Pérez', 0),
  (176, 10, 'Valentina', 'Sánchez', 10, 'Calle Falsa 123', 'Madre Sánchez', 'Padre Sánchez', 0),
  (177, 11, 'Mateo', 'Romero', 11, 'Calle Falsa 123', 'Madre Romero', 'Padre Romero', 0),
  (178, 11, 'Santiago', 'Díaz', 11, 'Calle Falsa 123', 'Madre Díaz', 'Padre Díaz', 0),
  (179, 11, 'Martín', 'Torres', 11, 'Calle Falsa 123', 'Madre Torres', 'Padre Torres', 0),
  (180, 11, 'Lucas', 'García', 11, 'Calle Falsa 123', 'Madre García', 'Padre García', 0),
  (181, 11, 'Mateo', 'López', 11, 'Calle Falsa 123', 'Madre López', 'Padre López', 0),
  (182, 11, 'Santiago', 'Rodríguez', 11, 'Calle Falsa 123', 'Madre Rodríguez', 'Padre Rodríguez', 0),
  (183, 11, 'Martín', 'Fernández', 11, 'Calle Falsa 123', 'Madre Fernández', 'Padre Fernández', 0),
  (184, 11, 'Lucas', 'González', 11, 'Calle Falsa 123', 'Madre González', 'Padre González', 0),
  (185, 11, 'Mateo', 'Pérez', 11, 'Calle Falsa 123', 'Madre Pérez', 'Padre Pérez', 0),
  (186, 11, 'Santiago', 'Sánchez', 11, 'Calle Falsa 123', 'Madre Sánchez', 'Padre Sánchez', 0),
  (187, 11, 'Martín', 'Romero', 11, 'Calle Falsa 123', 'Madre Romero', 'Padre Romero', 0),
  (188, 11, 'Lucas', 'Díaz', 11, 'Calle Falsa 123', 'Madre Díaz', 'Padre Díaz', 0),
  (189, 11, 'Sofía', 'Torres', 11, 'Calle Falsa 123', 'Madre Torres', 'Padre Torres', 0),
  (190, 11, 'Valentina', 'García', 11, 'Calle Falsa 123', 'Madre García', 'Padre García', 0),
  (191, 11, 'María', 'López', 11, 'Calle Falsa 123', 'Madre López', 'Padre López', 0),
  (192, 11, 'Lucía', 'Rodríguez', 11, 'Calle Falsa 123', 'Madre Rodríguez', 'Padre Rodríguez', 0),
  (193, 11, 'Camila', 'Fernández', 11, 'Calle Falsa 123', 'Madre Fernández', 'Padre Fernández', 0),
  (194, 11, 'Andrea', 'González', 11, 'Calle Falsa 123', 'Madre González', 'Padre González', 0),
  (195, 11, 'Laura', 'Pérez', 11, 'Calle Falsa 123', 'Madre Pérez', 'Padre Pérez', 0),
  (196, 12, 'Mateo', 'Sánchez', 11, 'Calle Falsa 123', 'Madre Sánchez', 'Padre Sánchez', 0),
  (197, 12, 'Santiago', 'Romero', 11, 'Calle Falsa 123', 'Madre Romero', 'Padre Romero', 0),
  (198, 12, 'Martín', 'Díaz', 11, 'Calle Falsa 123', 'Madre Díaz', 'Padre Díaz', 0),
  (199, 12, 'Lucas', 'Torres', 11, 'Calle Falsa 123', 'Madre Torres', 'Padre Torres', 0),
  (200, 12, 'Mateo', 'García', 11, 'Calle Falsa 123', 'Madre García', 'Padre García', 0),
  (201, 12, 'Santiago', 'López', 11, 'Calle Falsa 123', 'Madre López', 'Padre López', 0),
  (202, 12, 'Martín', 'Rodríguez', 11, 'Calle Falsa 123', 'Madre Rodríguez', 'Padre Rodríguez', 0),
  (203, 12, 'Lucas', 'Fernández', 11, 'Calle Falsa 123', 'Madre Fernández', 'Padre Fernández', 0),
  (204, 12, 'Mateo', 'González', 11, 'Calle Falsa 123', 'Madre González', 'Padre González', 0),
  (205, 12, 'Santiago', 'Pérez', 11, 'Calle Falsa 123', 'Madre Pérez', 'Padre Pérez', 0),
  (206, 12, 'Martín', 'Sánchez', 11, 'Calle Falsa 123', 'Madre Sánchez', 'Padre Sánchez', 0),
  (207, 12, 'Lucas', 'Romero', 11, 'Calle Falsa 123', 'Madre Romero', 'Padre Romero', 0),
  (208, 12, 'Mateo', 'Díaz', 11, 'Calle Falsa 123', 'Madre Díaz', 'Padre Díaz', 0),
  (209, 12, 'Sofía', 'Torres', 11, 'Calle Falsa 123', 'Madre Torres', 'Padre Torres', 0),
  (210, 12, 'Valentina', 'García', 11, 'Calle Falsa 123', 'Madre García', 'Padre García', 0),
  (211, 12, 'María', 'López', 11, 'Calle Falsa 123', 'Madre López', 'Padre López', 0),
  (212, 12, 'Lucía', 'Rodríguez', 11, 'Calle Falsa 123', 'Madre Rodríguez', 'Padre Rodríguez', 0),
  (213, 12, 'Camila', 'Fernández', 11, 'Calle Falsa 123', 'Madre Fernández', 'Padre Fernández', 0),
  (214, 12, 'Andrea', 'González', 11, 'Calle Falsa 123', 'Madre González', 'Padre González', 0),
  (215, 13, 'Mateo', 'Pérez', 12, 'Calle Falsa 123', 'Madre Pérez', 'Padre Pérez', 0),
  (216, 13, 'Santiago', 'Sánchez', 12, 'Calle Falsa 123', 'Madre Sánchez', 'Padre Sánchez', 0),
  (217, 13, 'Martín', 'Romero', 12, 'Calle Falsa 123', 'Madre Romero', 'Padre Romero', 0),
  (218, 13, 'Lucas', 'Díaz', 12, 'Calle Falsa 123', 'Madre Díaz', 'Padre Díaz', 0),
  (219, 13, 'Mateo', 'Torres', 12, 'Calle Falsa 123', 'Madre Torres', 'Padre Torres', 0),
  (220, 13, 'Santiago', 'García', 12, 'Calle Falsa 123', 'Madre García', 'Padre García', 0),
  (221, 13, 'Martín', 'López', 12, 'Calle Falsa 123', 'Madre López', 'Padre López', 0),
  (222, 13, 'Lucas', 'Rodríguez', 12, 'Calle Falsa 123', 'Madre Rodríguez', 'Padre Rodríguez', 0),
  (223, 13, 'Sofía', 'Fernández', 12, 'Calle Falsa 123', 'Madre Fernández', 'Padre Fernández', 0),
  (224, 13, 'Valentina', 'González', 12, 'Calle Falsa 123', 'Madre González', 'Padre González', 0),
  (225, 13, 'María', 'Pérez', 12, 'Calle Falsa 123', 'Madre Pérez', 'Padre Pérez', 0),
  (226, 13, 'Lucía', 'Sánchez', 12, 'Calle Falsa 123', 'Madre Sánchez', 'Padre Sánchez', 0),
  (227, 13, 'Camila', 'Romero', 12, 'Calle Falsa 123', 'Madre Romero', 'Padre Romero', 0),
  (228, 13, 'Andrea', 'Díaz', 12, 'Calle Falsa 123', 'Madre Díaz', 'Padre Díaz', 0),
  (229, 13, 'Laura', 'Torres', 12, 'Calle Falsa 123', 'Madre Torres', 'Padre Torres', 0),
  (230, 13, 'Carolina', 'García', 12, 'Calle Falsa 123', 'Madre García', 'Padre García', 0),
  (231, 13, 'Natalia', 'López', 12, 'Calle Falsa 123', 'Madre López', 'Padre López', 0),
  (232, 13, 'Marta', 'Rodríguez', 12, 'Calle Falsa 123', 'Madre Rodríguez', 'Padre Rodríguez', 0),
  (233, 13, 'Sofía', 'Fernández', 12, 'Calle Falsa 123', 'Madre Fernández', 'Padre Fernández', 0),
  (234, 13, 'Valentina', 'González', 12, 'Calle Falsa 123', 'Madre González', 'Padre González', 0),
  (235, 14, 'Mateo', 'Pérez', 12, 'Calle Falsa 123', 'Madre Pérez', 'Padre Pérez', 0),
  (236, 14, 'Santiago', 'Sánchez', 12, 'Calle Falsa 123', 'Madre Sánchez', 'Padre Sánchez', 0),
  (237, 14, 'Martín', 'Romero', 12, 'Calle Falsa 123', 'Madre Romero', 'Padre Romero', 0),
  (238, 14, 'Lucas', 'Díaz', 12, 'Calle Falsa 123', 'Madre Díaz', 'Padre Díaz', 0),
  (239, 14, 'Mateo', 'Torres', 12, 'Calle Falsa 123', 'Madre Torres', 'Padre Torres', 0),
  (240, 14, 'Santiago', 'García', 12, 'Calle Falsa 123', 'Madre García', 'Padre García', 0),
  (241, 14, 'Martín', 'López', 12, 'Calle Falsa 123', 'Madre López', 'Padre López', 0),
  (242, 14, 'Lucas', 'Rodríguez', 12, 'Calle Falsa 123', 'Madre Rodríguez', 'Padre Rodríguez', 0),
  (243, 14, 'Mateo', 'Fernández', 12, 'Calle Falsa 123', 'Madre Fernández', 'Padre Fernández', 0),
  (244, 14, 'Sofía', 'González', 12, 'Calle Falsa 123', 'Madre González', 'Padre González', 0),
  (245, 14, 'Valentina', 'Pérez', 12, 'Calle Falsa 123', 'Madre Pérez', 'Padre Pérez', 0),
  (246, 14, 'María', 'Sánchez', 12, 'Calle Falsa 123', 'Madre Sánchez', 'Padre Sánchez', 0),
  (247, 14, 'Lucía', 'Romero', 12, 'Calle Falsa 123', 'Madre Romero', 'Padre Romero', 0),
  (248, 14, 'Camila', 'Díaz', 12, 'Calle Falsa 123', 'Madre Díaz', 'Padre Díaz', 0),
  (249, 14, 'Andrea', 'Torres', 12, 'Calle Falsa 123', 'Madre Torres', 'Padre Torres', 0),
  (250, 14, 'Laura', 'García', 12, 'Calle Falsa 123', 'Madre García', 'Padre García', 0),
  (251, 14, 'Carolina', 'López', 12, 'Calle Falsa 123', 'Madre López', 'Padre López', 0),
  (252, 14, 'Natalia', 'Rodríguez', 12, 'Calle Falsa 123', 'Madre Rodríguez', 'Padre Rodríguez', 0),
  (253, 14, 'Marta', 'Fernández', 12, 'Calle Falsa 123', 'Madre Fernández', 'Padre Fernández', 0);

-- #4 Agrego fechas de asistencias de estudiantes
INSERT INTO asistencias (fecha, id_estudiante, tipo_asistencia) VALUES
  ('2024-09-01',  1, 'Presente'),
  ('2024-09-01',  2, 'Presente'),
  ('2024-09-01',  3, 'Presente'),
  ('2024-09-01',  4, 'Presente'),
  ('2024-09-01',  5, 'Presente'),
  ('2024-09-01',  6, 'Presente'),
  ('2024-09-01',  7, 'Presente'),
  ('2024-09-01',  8, 'Presente'),
  ('2024-09-01',  9, 'Presente'),
  ('2024-09-01',  10, 'Presente'),
  ('2024-09-01',  11, 'Presente'),
  ('2024-09-01',  12, 'Presente'),
  ('2024-09-01',  13, 'Presente'),
  ('2024-09-01',  14, 'Presente'),
  ('2024-09-01',  15, 'Presente'),
  ('2024-09-01',  16, 'Presente'),
  ('2024-09-01',  17, 'Presente'),
  ('2024-09-01',  18, 'Presente'),
  ('2024-09-01',  19, 'Presente'),
  ('2024-09-01',  20, 'Presente'),
  ('2024-09-01',  21, 'Presente'),
  ('2024-09-01',  22, 'Presente'),
  ('2024-09-01',  23, 'Presente'),
  ('2024-09-01',  24, 'Presente'),
  ('2024-09-01',  25, 'Presente'),
  ('2024-09-01',  26, 'Presente'),
  ('2024-09-01',  27, 'Presente'),
  ('2024-09-01',  28, 'Presente'),
  ('2024-09-01',  29, 'Presente'),
  ('2024-09-01',  30, 'Presente'),
  ('2024-09-01',  31, 'Presente'),
  ('2024-09-01',  32, 'Presente'),
  ('2024-09-01',  33, 'Presente'),
  ('2024-09-01',  34, 'Presente'),
  ('2024-09-01',  35, 'Presente'),
  ('2024-09-01',  36, 'Presente'),
  ('2024-09-01',  37, 'Presente'),
  ('2024-09-01',  38, 'Presente'),
  ('2024-09-01',  39, 'Presente'),
  ('2024-09-01',  40, 'Presente'),
  ('2024-09-01',  41, 'Presente'),
  ('2024-09-01',  42, 'Presente'),
  ('2024-09-01',  43, 'Presente'),
  ('2024-09-01',  44, 'Presente'),
  ('2024-09-01',  45, 'Presente'),
  ('2024-09-01',  46, 'Presente'),
  ('2024-09-01',  47, 'Presente'),
  ('2024-09-01',  48, 'Presente'),
  ('2024-09-01',  49, 'Presente'),
  ('2024-09-01',  50, 'Presente'),
  ('2024-09-01',  51, 'Presente'),
  ('2024-09-01',  52, 'Presente'),
  ('2024-09-01',  53, 'Presente'),
  ('2024-09-01',  54, 'Presente'),
  ('2024-09-01',  55, 'Presente'),
  ('2024-09-01',  56, 'Presente'),
  ('2024-09-01',  57, 'Presente'),
  ('2024-09-01',  58, 'Presente'),
  ('2024-09-01',  59, 'Presente'),
  ('2024-09-01',  60, 'Presente'),
  ('2024-09-01',  61, 'Presente'),
  ('2024-09-01',  62, 'Presente'),
  ('2024-09-01',  63, 'Presente'),
  ('2024-09-01',  64, 'Presente'),
  ('2024-09-01',  65, 'Presente'),
  ('2024-09-01',  66, 'Presente'),
  ('2024-09-01',  67, 'Presente'),
  ('2024-09-01',  68, 'Presente'),
  ('2024-09-01',  69, 'Presente'),
  ('2024-09-01',  70, 'Presente'),
  ('2024-09-01',  71, 'Presente'),
  ('2024-09-01',  72, 'Presente'),
  ('2024-09-01',  73, 'Presente'),
  ('2024-09-01',  74, 'Presente'),
  ('2024-09-01',  75, 'Presente'),
  ('2024-09-01',  76, 'Presente'),
  ('2024-09-01',  77, 'Presente'),
  ('2024-09-01',  78, 'Presente'),
  ('2024-09-01',  79, 'Presente'),
  ('2024-09-01',  80, 'Presente'),
  ('2024-09-01',  81, 'Presente'),
  ('2024-09-01',  82, 'Presente'),
  ('2024-09-01',  83, 'Presente'),
  ('2024-09-01',  84, 'Presente'),
  ('2024-09-01',  85, 'Presente'),
  ('2024-09-01',  86, 'Presente'),
  ('2024-09-01',  87, 'Presente'),
  ('2024-09-01',  88, 'Presente'),
  ('2024-09-01',  89, 'Presente'),
  ('2024-09-01',  90, 'Presente'),
  ('2024-09-01',  91, 'Presente'),
  ('2024-09-01',  92, 'Presente'),
  ('2024-09-01',  93, 'Presente'),
  ('2024-09-01',  94, 'Presente'),
  ('2024-09-01',  95, 'Presente'),
  ('2024-09-01',  96, 'Presente'),
  ('2024-09-01',  97, 'Presente'),
  ('2024-09-01',  98, 'Presente'),
  ('2024-09-01',  99, 'Presente'),
  ('2024-09-01',  100, 'Presente'),
  ('2024-09-01',  101, 'Presente'),
  ('2024-09-01',  102, 'Presente'),
  ('2024-09-01',  103, 'Presente'),
  ('2024-09-01',  104, 'Presente'),
  ('2024-09-01',  105, 'Presente'),
  ('2024-09-01',  106, 'Presente'),
  ('2024-09-01',  107, 'Presente'),
  ('2024-09-01',  108, 'Presente'),
  ('2024-09-01',  109, 'Presente'),
  ('2024-09-01',  110, 'Presente'),
  ('2024-09-01',  111, 'Presente'),
  ('2024-09-01',  112, 'Presente'),
  ('2024-09-01',  113, 'Presente'),
  ('2024-09-01',  114, 'Presente'),
  ('2024-09-01',  115, 'Presente'),
  ('2024-09-01',  116, 'Presente'),
  ('2024-09-01',  117, 'Presente'),
  ('2024-09-01',  118, 'Presente'),
  ('2024-09-01',  119, 'Presente'),
  ('2024-09-01',  120, 'Presente'),
  ('2024-09-01',  121, 'Presente'),
  ('2024-09-01',  122, 'Presente'),
  ('2024-09-01',  123, 'Presente'),
  ('2024-09-01',  124, 'Presente'),
  ('2024-09-01',  125, 'Presente'),
  ('2024-09-01',  126, 'Presente'),
  ('2024-09-01',  127, 'Presente'),
  ('2024-09-01',  128, 'Presente'),
  ('2024-09-01',  129, 'Presente'),
  ('2024-09-01',  130, 'Presente'),
  ('2024-09-01',  131, 'Presente'),
  ('2024-09-01',  132, 'Presente'),
  ('2024-09-01',  133, 'Presente'),
  ('2024-09-01',  134, 'Presente'),
  ('2024-09-01',  135, 'Presente'),
  ('2024-09-01', 136, 'Presente'),
  ('2024-09-01', 137, 'Presente'),
  ('2024-09-01', 138, 'Presente'),
  ('2024-09-01', 139, 'Presente'),
  ('2024-09-01', 140, 'Presente'),
  ('2024-09-01', 141, 'Presente'),
  ('2024-09-01', 142, 'Presente'),
  ('2024-09-01', 143, 'Presente'),
  ('2024-09-01', 144, 'Presente'),
  ('2024-09-01', 145, 'Presente'),
  ('2024-09-01', 146, 'Presente'),
  ('2024-09-01', 147, 'Presente'),
  ('2024-09-01', 148, 'Presente'),
  ('2024-09-01', 149, 'Presente'),
  ('2024-09-01', 150, 'Presente'),
  ('2024-09-01', 151, 'Presente'),
  ('2024-09-01', 152, 'Presente'),
  ('2024-09-01', 153, 'Presente'),
  ('2024-09-01', 154, 'Presente'),
  ('2024-09-01', 155, 'Presente'),
  ('2024-09-01', 156, 'Presente'),
  ('2024-09-01', 157, 'Presente'),
  ('2024-09-01', 158, 'Presente'),
  ('2024-09-01', 159, 'Presente'),
  ('2024-09-01', 160, 'Presente'),
  ('2024-09-01', 161, 'Presente'),
  ('2024-09-01', 162, 'Presente'),
  ('2024-09-01', 163, 'Presente'),
  ('2024-09-01', 164, 'Presente'),
  ('2024-09-01', 165, 'Presente'),
  ('2024-09-01', 166, 'Presente'),
  ('2024-09-01', 167, 'Presente'),
  ('2024-09-01', 168, 'Presente'),
  ('2024-09-01', 169, 'Presente'),
  ('2024-09-01', 170, 'Presente'),
  ('2024-09-01', 171, 'Presente'),
  ('2024-09-01', 172, 'Presente'),
  ('2024-09-01', 173, 'Presente'),
  ('2024-09-01', 174, 'Presente'),
  ('2024-09-01', 175, 'Presente'),
  ('2024-09-01', 176, 'Presente'),
  ('2024-09-01', 177, 'Presente'),
  ('2024-09-01', 178, 'Presente'),
  ('2024-09-01', 179, 'Presente'),
  ('2024-09-01', 180, 'Presente'),
  ('2024-09-01', 181, 'Presente'),
  ('2024-09-01', 182, 'Presente'),
  ('2024-09-01', 183, 'Presente'),
  ('2024-09-01', 184, 'Presente'),
  ('2024-09-01', 185, 'Presente'),
  ('2024-09-01', 186, 'Presente'),
  ('2024-09-01', 187, 'Presente'),
  ('2024-09-01', 188, 'Presente'),
  ('2024-09-01', 189, 'Presente'),
  ('2024-09-01', 190, 'Presente'),
  ('2024-09-01', 191, 'Presente'),
  ('2024-09-01', 192, 'Presente'),
  ('2024-09-01', 193, 'Presente'),
  ('2024-09-01', 194, 'Presente'),
  ('2024-09-01', 195, 'Presente'),
  ('2024-09-01', 196, 'Presente'),
  ('2024-09-01', 197, 'Presente'),
  ('2024-09-01', 198, 'Presente'),
  ('2024-09-01', 199, 'Presente'),
  ('2024-09-01', 200, 'Presente'),
  ('2024-09-01', 201, 'Presente'),
  ('2024-09-01', 202, 'Presente'),
  ('2024-09-01', 203, 'Presente'),
  ('2024-09-01', 204, 'Presente'),
  ('2024-09-01', 205, 'Presente'),
  ('2024-09-01', 206, 'Presente'),
  ('2024-09-01', 207, 'Presente'),
  ('2024-09-01', 208, 'Presente'),
  ('2024-09-01', 209, 'Presente'),
  ('2024-09-01', 210, 'Presente'),
  ('2024-09-01', 211, 'Presente'),
  ('2024-09-01', 212, 'Presente'),
  ('2024-09-01', 213, 'Presente'),
  ('2024-09-01', 214, 'Presente'),
  ('2024-09-01', 215, 'Presente'),
  ('2024-09-01', 216, 'Presente'),
  ('2024-09-01', 217, 'Presente'),
  ('2024-09-01', 218, 'Presente'),
  ('2024-09-01', 219, 'Presente'),
  ('2024-09-01', 220, 'Presente'),
  ('2024-09-01', 221, 'Presente'),
  ('2024-09-01', 222, 'Presente'),
  ('2024-09-01', 223, 'Presente'),
  ('2024-09-01', 224, 'Presente'),
  ('2024-09-01', 225, 'Presente'),
  ('2024-09-01', 226, 'Presente'),
  ('2024-09-01', 227, 'Presente'),
  ('2024-09-01', 228, 'Presente'),
  ('2024-09-01', 229, 'Presente'),
  ('2024-09-01', 230, 'Presente'),
  ('2024-09-01', 231, 'Presente'),
  ('2024-09-01', 232, 'Presente'),
  ('2024-09-01', 233, 'Presente'),
  ('2024-09-01', 234, 'Presente'),
  ('2024-09-01', 235, 'Presente'),
  ('2024-09-01', 236, 'Presente'),
  ('2024-09-01', 237, 'Presente'),
  ('2024-09-01', 238, 'Presente'),
  ('2024-09-01', 239, 'Presente'),
  ('2024-09-01', 240, 'Presente'),
  ('2024-09-01', 241, 'Presente'),
  ('2024-09-01', 242, 'Presente'),
  ('2024-09-01', 243, 'Presente'),
  ('2024-09-01', 244, 'Presente'),
  ('2024-09-01', 245, 'Presente'),
  ('2024-09-01', 246, 'Presente'),
  ('2024-09-01', 247, 'Presente'),
  ('2024-09-01', 248, 'Presente'),
  ('2024-09-01', 249, 'Presente'),
  ('2024-09-01', 250, 'Presente'),
  ('2024-09-01', 251, 'Presente'),
  ('2024-09-01', 252, 'Presente'),
  ('2024-09-01', 253, 'Presente');

-- #5 Agrego notas de estudiantes
INSERT INTO notas (anio, bimestre, id_estudiante, nota) VALUES
  (2024, 'Primer bimestre', 1, 6.8),
  (2024, 'Primer bimestre', 2, 7.6),
  (2024, 'Primer bimestre', 3, 8.4),
  (2024, 'Primer bimestre', 4, 9.2),
  (2024, 'Primer bimestre', 5, 6.0),
  (2024, 'Primer bimestre', 6, 6.8),
  (2024, 'Primer bimestre', 7, 7.6),
  (2024, 'Primer bimestre', 8, 8.4),
  (2024, 'Primer bimestre', 9, 9.2),
  (2024, 'Primer bimestre', 10, 6.0),
  (2024, 'Primer bimestre', 11, 6.8),
  (2024, 'Primer bimestre', 12, 7.6),
  (2024, 'Primer bimestre', 13, 8.4),
  (2024, 'Primer bimestre', 14, 9.2),
  (2024, 'Primer bimestre', 15, 6.0),
  (2024, 'Primer bimestre', 16, 6.8),
  (2024, 'Primer bimestre', 17, 7.6),
  (2024, 'Primer bimestre', 18, 8.4),
  (2024, 'Primer bimestre', 19, 9.2),
  (2024, 'Primer bimestre', 20, 6.0),
  (2024, 'Primer bimestre', 21, 6.8),
  (2024, 'Primer bimestre', 22, 7.6),
  (2024, 'Primer bimestre', 23, 8.4),
  (2024, 'Primer bimestre', 24, 9.2),
  (2024, 'Primer bimestre', 25, 6.0),
  (2024, 'Primer bimestre', 26, 6.8),
  (2024, 'Primer bimestre', 27, 7.6),
  (2024, 'Primer bimestre', 28, 8.4),
  (2024, 'Primer bimestre', 29, 9.2),
  (2024, 'Primer bimestre', 30, 6.0),
  (2024, 'Primer bimestre', 31, 6.8),
  (2024, 'Primer bimestre', 32, 7.6),
  (2024, 'Primer bimestre', 33, 8.4),
  (2024, 'Primer bimestre', 34, 9.2),
  (2024, 'Primer bimestre', 35, 6.0),
  (2024, 'Primer bimestre', 36, 6.8),
  (2024, 'Primer bimestre', 37, 7.6),
  (2024, 'Primer bimestre', 38, 8.4),
  (2024, 'Primer bimestre', 39, 9.2),
  (2024, 'Primer bimestre', 40, 6.0),
  (2024, 'Primer bimestre', 41, 6.8),
  (2024, 'Primer bimestre', 42, 7.6),
  (2024, 'Primer bimestre', 43, 8.4),
  (2024, 'Primer bimestre', 44, 9.2),
  (2024, 'Primer bimestre', 45, 6.0),
  (2024, 'Primer bimestre', 46, 6.8),
  (2024, 'Primer bimestre', 47, 7.6),
  (2024, 'Primer bimestre', 48, 8.4),
  (2024, 'Primer bimestre', 49, 9.2),
  (2024, 'Primer bimestre', 50, 6.0),
  (2024, 'Primer bimestre', 51, 6.8),
  (2024, 'Primer bimestre', 52, 7.6),
  (2024, 'Primer bimestre', 53, 8.4),
  (2024, 'Primer bimestre', 54, 9.2),
  (2024, 'Primer bimestre', 55, 6.0),
  (2024, 'Primer bimestre', 56, 6.8),
  (2024, 'Primer bimestre', 57, 7.6),
  (2024, 'Primer bimestre', 58, 8.4),
  (2024, 'Primer bimestre', 59, 9.2),
  (2024, 'Primer bimestre', 60, 6.0),
  (2024, 'Primer bimestre', 61, 6.8),
  (2024, 'Primer bimestre', 62, 7.6),
  (2024, 'Primer bimestre', 63, 8.4),
  (2024, 'Primer bimestre', 64, 9.2),
  (2024, 'Primer bimestre', 65, 6.0),
  (2024, 'Primer bimestre', 66, 6.8),
  (2024, 'Primer bimestre', 67, 7.6),
  (2024, 'Primer bimestre', 68, 8.4),
  (2024, 'Primer bimestre', 69, 9.2),
  (2024, 'Primer bimestre', 70, 6.0),
  (2024, 'Primer bimestre', 71, 6.8),
  (2024, 'Primer bimestre', 72, 7.6),
  (2024, 'Primer bimestre', 73, 8.4),
  (2024, 'Primer bimestre', 74, 9.2),
  (2024, 'Primer bimestre', 75, 6.0),
  (2024, 'Primer bimestre', 76, 6.8),
  (2024, 'Primer bimestre', 77, 7.6),
  (2024, 'Primer bimestre', 78, 8.4),
  (2024, 'Primer bimestre', 79, 9.2),
  (2024, 'Primer bimestre', 80, 6.0),
  (2024, 'Primer bimestre', 81, 6.8),
  (2024, 'Primer bimestre', 82, 7.6),
  (2024, 'Primer bimestre', 83, 8.4),
  (2024, 'Primer bimestre', 84, 9.2),
  (2024, 'Primer bimestre', 85, 6.0),
  (2024, 'Primer bimestre', 86, 6.8),
  (2024, 'Primer bimestre', 87, 7.6),
  (2024, 'Primer bimestre', 88, 8.4),
  (2024, 'Primer bimestre', 89, 9.2),
  (2024, 'Primer bimestre', 90, 6.0),
  (2024, 'Primer bimestre', 91, 6.8),
  (2024, 'Primer bimestre', 92, 7.6),
  (2024, 'Primer bimestre', 93, 8.4),
  (2024, 'Primer bimestre', 94, 9.2),
  (2024, 'Primer bimestre', 95, 6.0),
  (2024, 'Primer bimestre', 96, 6.8),
  (2024, 'Primer bimestre', 97, 7.6),
  (2024, 'Primer bimestre', 98, 8.4),
  (2024, 'Primer bimestre', 99, 9.2),
  (2024, 'Primer bimestre', 100, 6.0),
  (2024, 'Primer bimestre', 101, 6.8),
  (2024, 'Primer bimestre', 102, 7.6),
  (2024, 'Primer bimestre', 103, 8.4),
  (2024, 'Primer bimestre', 104, 9.2),
  (2024, 'Primer bimestre', 105, 6.0),
  (2024, 'Primer bimestre', 106, 6.8),
  (2024, 'Primer bimestre', 107, 7.6),
  (2024, 'Primer bimestre', 108, 8.4),
  (2024, 'Primer bimestre', 109, 9.2),
  (2024, 'Primer bimestre', 110, 6.0),
  (2024, 'Primer bimestre', 111, 6.8),
  (2024, 'Primer bimestre', 112, 7.6),
  (2024, 'Primer bimestre', 113, 8.4),
  (2024, 'Primer bimestre', 114, 9.2),
  (2024, 'Primer bimestre', 115, 6.0),
  (2024, 'Primer bimestre', 116, 6.8),
  (2024, 'Primer bimestre', 117, 7.6),
  (2024, 'Primer bimestre', 118, 8.4),
  (2024, 'Primer bimestre', 119, 9.2),
  (2024, 'Primer bimestre', 120, 6.0),
  (2024, 'Primer bimestre', 121, 6.8),
  (2024, 'Primer bimestre', 122, 7.6),
  (2024, 'Primer bimestre', 123, 8.4),
  (2024, 'Primer bimestre', 124, 9.2),
  (2024, 'Primer bimestre', 125, 6.0),
  (2024, 'Primer bimestre', 126, 6.8),
  (2024, 'Primer bimestre', 127, 7.6),
  (2024, 'Primer bimestre', 128, 8.4),
  (2024, 'Primer bimestre', 129, 9.2),
  (2024, 'Primer bimestre', 130, 6.0),
  (2024, 'Primer bimestre', 131, 6.8),
  (2024, 'Primer bimestre', 132, 7.6),
  (2024, 'Primer bimestre', 133, 8.4),
  (2024, 'Primer bimestre', 134, 9.2),
  (2024, 'Primer bimestre', 135, 6.0),
  (2024, 'Primer bimestre', 136, 6.8),
  (2024, 'Primer bimestre', 137, 7.6),
  (2024, 'Primer bimestre', 138, 8.4),
  (2024, 'Primer bimestre', 139, 9.2),
  (2024, 'Primer bimestre', 140, 6.0),
  (2024, 'Primer bimestre', 141, 6.8),
  (2024, 'Primer bimestre', 142, 7.6),
  (2024, 'Primer bimestre', 143, 8.4),
  (2024, 'Primer bimestre', 144, 9.2),
  (2024, 'Primer bimestre', 145, 6.0),
  (2024, 'Primer bimestre', 146, 6.8),
  (2024, 'Primer bimestre', 147, 7.6),
  (2024, 'Primer bimestre', 148, 8.4),
  (2024, 'Primer bimestre', 149, 9.2),
  (2024, 'Primer bimestre', 150, 6.0),
  (2024, 'Primer bimestre', 151, 6.8),
  (2024, 'Primer bimestre', 152, 7.6),
  (2024, 'Primer bimestre', 153, 8.4),
  (2024, 'Primer bimestre', 154, 9.2),
  (2024, 'Primer bimestre', 155, 6.0),
  (2024, 'Primer bimestre', 156,  6.8),
  (2024, 'Primer bimestre', 157,  7.6),
  (2024, 'Primer bimestre', 158,  8.4),
  (2024, 'Primer bimestre', 159,  9.2),
  (2024, 'Primer bimestre', 160,  6.0),
  (2024, 'Primer bimestre', 161,  6.8),
  (2024, 'Primer bimestre', 162,  7.6),
  (2024, 'Primer bimestre', 163,  8.4),
  (2024, 'Primer bimestre', 164,  9.2),
  (2024, 'Primer bimestre', 165,  6.0),
  (2024, 'Primer bimestre', 166,  6.8),
  (2024, 'Primer bimestre', 167,  7.6),
  (2024, 'Primer bimestre', 168,  8.4),
  (2024, 'Primer bimestre', 169,  9.2),
  (2024, 'Primer bimestre', 170,  6.0),
  (2024, 'Primer bimestre', 171,  6.8),
  (2024, 'Primer bimestre', 172,  7.6),
  (2024, 'Primer bimestre', 173,  8.4),
  (2024, 'Primer bimestre', 174,  9.2),
  (2024, 'Primer bimestre', 175,  6.0),
  (2024, 'Primer bimestre', 176,  6.8),
  (2024, 'Primer bimestre', 177,  7.6),
  (2024, 'Primer bimestre', 178,  8.4),
  (2024, 'Primer bimestre', 179,  9.2),
  (2024, 'Primer bimestre', 180,  6.0),
  (2024, 'Primer bimestre', 181,  6.8),
  (2024, 'Primer bimestre', 182,  7.6),
  (2024, 'Primer bimestre', 183,  8.4),
  (2024, 'Primer bimestre', 184,  9.2),
  (2024, 'Primer bimestre', 185,  6.0),
  (2024, 'Primer bimestre', 186,  6.8),
  (2024, 'Primer bimestre', 187,  7.6),
  (2024, 'Primer bimestre', 188,  8.4),
  (2024, 'Primer bimestre', 189,  9.2),
  (2024, 'Primer bimestre', 190,  6.0),
  (2024, 'Primer bimestre', 191,  6.8),
  (2024, 'Primer bimestre', 192,  7.6),
  (2024, 'Primer bimestre', 193,  8.4),
  (2024, 'Primer bimestre', 194,  9.2),
  (2024, 'Primer bimestre', 195,  6.0),
  (2024, 'Primer bimestre', 196,  6.8),
  (2024, 'Primer bimestre', 197,  7.6),
  (2024, 'Primer bimestre', 198,  8.4),
  (2024, 'Primer bimestre', 199,  9.2),
  (2024, 'Primer bimestre', 200,  6.0),
  (2024, 'Primer bimestre', 201,  6.8),
  (2024, 'Primer bimestre', 202,  7.6),
  (2024, 'Primer bimestre', 203,  8.4),
  (2024, 'Primer bimestre', 204,  9.2),
  (2024, 'Primer bimestre', 205,  6.0),
  (2024, 'Primer bimestre', 206,  6.8),
  (2024, 'Primer bimestre', 207,  7.6),
  (2024, 'Primer bimestre', 208,  8.4),
  (2024, 'Primer bimestre', 209,  9.2),
  (2024, 'Primer bimestre', 210,  6.0),
  (2024, 'Primer bimestre', 211,  6.8),
  (2024, 'Primer bimestre', 212,  7.6),
  (2024, 'Primer bimestre', 213,  8.4),
  (2024, 'Primer bimestre', 214,  9.2),
  (2024, 'Primer bimestre', 215,  6.0),
  (2024, 'Primer bimestre', 216,  6.8),
  (2024, 'Primer bimestre', 217,  7.6),
  (2024, 'Primer bimestre', 218,  8.4),
  (2024, 'Primer bimestre', 219,  9.2),
  (2024, 'Primer bimestre', 220,  6.0),
  (2024, 'Primer bimestre', 221,  6.8),
  (2024, 'Primer bimestre', 222,  7.6),
  (2024, 'Primer bimestre', 223,  8.4),
  (2024, 'Primer bimestre', 224,  9.2),
  (2024, 'Primer bimestre', 225,  6.0),
  (2024, 'Primer bimestre', 226,  6.8),
  (2024, 'Primer bimestre', 227,  7.6),
  (2024, 'Primer bimestre', 228,  8.4),
  (2024, 'Primer bimestre', 229,  9.2),
  (2024, 'Primer bimestre', 230,  6.0),
  (2024, 'Primer bimestre', 231,  6.8),
  (2024, 'Primer bimestre', 232,  7.6),
  (2024, 'Primer bimestre', 233,  8.4),
  (2024, 'Primer bimestre', 234,  9.2),
  (2024, 'Primer bimestre', 235,  6.0),
  (2024, 'Primer bimestre', 236,  6.8),
  (2024, 'Primer bimestre', 237,  7.6),
  (2024, 'Primer bimestre', 238,  8.4),
  (2024, 'Primer bimestre', 239,  9.2),
  (2024, 'Primer bimestre', 240,  6.0),
  (2024, 'Primer bimestre', 241,  6.8),
  (2024, 'Primer bimestre', 242,  7.6),
  (2024, 'Primer bimestre', 243,  8.4),
  (2024, 'Primer bimestre', 244,  9.2),
  (2024, 'Primer bimestre', 245,  6.0),
  (2024, 'Primer bimestre', 246,  6.8),
  (2024, 'Primer bimestre', 247,  7.6),
  (2024, 'Primer bimestre', 248,  8.4),
  (2024, 'Primer bimestre', 249,  9.2),
  (2024, 'Primer bimestre', 250,  6.0),
  (2024, 'Primer bimestre', 251,  6.8),
  (2024, 'Primer bimestre', 252,  7.6),
  (2024, 'Primer bimestre', 253,  8.4),
  (2024, 'Segundo bimestre', 1, 6.8),
  (2024, 'Segundo bimestre', 2, 7.6),
  (2024, 'Segundo bimestre', 3, 8.4),
  (2024, 'Segundo bimestre', 4, 9.2),
  (2024, 'Segundo bimestre', 5, 6.0),
  (2024, 'Segundo bimestre', 6, 6.8),
  (2024, 'Segundo bimestre', 7, 7.6),
  (2024, 'Segundo bimestre', 8, 8.4),
  (2024, 'Segundo bimestre', 9, 9.2),
  (2024, 'Segundo bimestre', 10, 6.0),
  (2024, 'Segundo bimestre', 11, 6.8),
  (2024, 'Segundo bimestre', 12, 7.6),
  (2024, 'Segundo bimestre', 13, 8.4),
  (2024, 'Segundo bimestre', 14, 9.2),
  (2024, 'Segundo bimestre', 15, 6.0),
  (2024, 'Segundo bimestre', 16, 6.8),
  (2024, 'Segundo bimestre', 17, 7.6),
  (2024, 'Segundo bimestre', 18, 8.4),
  (2024, 'Segundo bimestre', 19, 9.2),
  (2024, 'Segundo bimestre', 20, 6.0),
  (2024, 'Segundo bimestre', 21, 6.8),
  (2024, 'Segundo bimestre', 22, 7.6),
  (2024, 'Segundo bimestre', 23, 8.4),
  (2024, 'Segundo bimestre', 24, 9.2),
  (2024, 'Segundo bimestre', 25, 6.0),
  (2024, 'Segundo bimestre', 26, 6.8),
  (2024, 'Segundo bimestre', 27, 7.6),
  (2024, 'Segundo bimestre', 28, 8.4),
  (2024, 'Segundo bimestre', 29, 9.2),
  (2024, 'Segundo bimestre', 30, 6.0),
  (2024, 'Segundo bimestre', 31, 6.8),
  (2024, 'Segundo bimestre', 32, 7.6),
  (2024, 'Segundo bimestre', 33, 8.4),
  (2024, 'Segundo bimestre', 34, 9.2),
  (2024, 'Segundo bimestre', 35, 6.0),
  (2024, 'Segundo bimestre', 36, 6.8),
  (2024, 'Segundo bimestre', 37, 7.6),
  (2024, 'Segundo bimestre', 38, 8.4),
  (2024, 'Segundo bimestre', 39, 9.2),
  (2024, 'Segundo bimestre', 40, 6.0),
  (2024, 'Segundo bimestre', 41, 6.8),
  (2024, 'Segundo bimestre', 42, 7.6),
  (2024, 'Segundo bimestre', 43, 8.4),
  (2024, 'Segundo bimestre', 44, 9.2),
  (2024, 'Segundo bimestre', 45, 6.0),
  (2024, 'Segundo bimestre', 46, 6.8),
  (2024, 'Segundo bimestre', 47, 7.6),
  (2024, 'Segundo bimestre', 48, 8.4),
  (2024, 'Segundo bimestre', 49, 9.2),
  (2024, 'Segundo bimestre', 50, 6.0),
  (2024, 'Segundo bimestre', 51, 6.8),
  (2024, 'Segundo bimestre', 52, 7.6),
  (2024, 'Segundo bimestre', 53, 8.4),
  (2024, 'Segundo bimestre', 54, 9.2),
  (2024, 'Segundo bimestre', 55, 6.0),
  (2024, 'Segundo bimestre', 56, 6.8),
  (2024, 'Segundo bimestre', 57, 7.6),
  (2024, 'Segundo bimestre', 58, 8.4),
  (2024, 'Segundo bimestre', 59, 9.2),
  (2024, 'Segundo bimestre', 60, 6.0),
  (2024, 'Segundo bimestre', 61, 6.8),
  (2024, 'Segundo bimestre', 62, 7.6),
  (2024, 'Segundo bimestre', 63, 8.4),
  (2024, 'Segundo bimestre', 64, 9.2),
  (2024, 'Segundo bimestre', 65, 6.0),
  (2024, 'Segundo bimestre', 66, 6.8),
  (2024, 'Segundo bimestre', 67, 7.6),
  (2024, 'Segundo bimestre', 68, 8.4),
  (2024, 'Segundo bimestre', 69, 9.2),
  (2024, 'Segundo bimestre', 70, 6.0),
  (2024, 'Segundo bimestre', 71, 6.8),
  (2024, 'Segundo bimestre', 72, 7.6),
  (2024, 'Segundo bimestre', 73, 8.4),
  (2024, 'Segundo bimestre', 74, 9.2),
  (2024, 'Segundo bimestre', 75, 6.0),
  (2024, 'Segundo bimestre', 76, 6.8),
  (2024, 'Segundo bimestre', 77, 7.6),
  (2024, 'Segundo bimestre', 78, 8.4),
  (2024, 'Segundo bimestre', 79, 9.2),
  (2024, 'Segundo bimestre', 80, 6.0),
  (2024, 'Segundo bimestre', 81, 6.8),
  (2024, 'Segundo bimestre', 82, 7.6),
  (2024, 'Segundo bimestre', 83, 8.4),
  (2024, 'Segundo bimestre', 84, 9.2),
  (2024, 'Segundo bimestre', 85, 6.0),
  (2024, 'Segundo bimestre', 86, 6.8),
  (2024, 'Segundo bimestre', 87, 7.6),
  (2024, 'Segundo bimestre', 88, 8.4),
  (2024, 'Segundo bimestre', 89, 9.2),
  (2024, 'Segundo bimestre', 90, 6.0),
  (2024, 'Segundo bimestre', 91, 6.8),
  (2024, 'Segundo bimestre', 92, 7.6),
  (2024, 'Segundo bimestre', 93, 8.4),
  (2024, 'Segundo bimestre', 94, 9.2),
  (2024, 'Segundo bimestre', 95, 6.0),
  (2024, 'Segundo bimestre', 96, 6.8),
  (2024, 'Segundo bimestre', 97, 7.6),
  (2024, 'Segundo bimestre', 98, 8.4),
  (2024, 'Segundo bimestre', 99, 9.2),
  (2024, 'Segundo bimestre', 100,  6.0),
  (2024, 'Segundo bimestre', 101,  6.8),
  (2024, 'Segundo bimestre', 102,  7.6),
  (2024, 'Segundo bimestre', 103,  8.4),
  (2024, 'Segundo bimestre', 104,  9.2),
  (2024, 'Segundo bimestre', 105,  6.0),
  (2024, 'Segundo bimestre', 106,  6.8),
  (2024, 'Segundo bimestre', 107,  7.6),
  (2024, 'Segundo bimestre', 108,  8.4),
  (2024, 'Segundo bimestre', 109,  9.2),
  (2024, 'Segundo bimestre', 110,  6.0),
  (2024, 'Segundo bimestre', 111,  6.8),
  (2024, 'Segundo bimestre', 112,  7.6),
  (2024, 'Segundo bimestre', 113,  8.4),
  (2024, 'Segundo bimestre', 114,  9.2),
  (2024, 'Segundo bimestre', 115,  6.0),
  (2024, 'Segundo bimestre', 116,  6.8),
  (2024, 'Segundo bimestre', 117,  7.6),
  (2024, 'Segundo bimestre', 118,  8.4),
  (2024, 'Segundo bimestre', 119,  9.2),
  (2024, 'Segundo bimestre', 120,  6.0),
  (2024, 'Segundo bimestre', 121,  6.8),
  (2024, 'Segundo bimestre', 122,  7.6),
  (2024, 'Segundo bimestre', 123,  8.4),
  (2024, 'Segundo bimestre', 124,  9.2),
  (2024, 'Segundo bimestre', 125,  6.0),
  (2024, 'Segundo bimestre', 126,  6.8),
  (2024, 'Segundo bimestre', 127,  7.6),
  (2024, 'Segundo bimestre', 128,  8.4),
  (2024, 'Segundo bimestre', 129,  9.2),
  (2024, 'Segundo bimestre', 130,  6.0),
  (2024, 'Segundo bimestre', 131,  6.8),
  (2024, 'Segundo bimestre', 132,  7.6),
  (2024, 'Segundo bimestre', 133,  8.4),
  (2024, 'Segundo bimestre', 134,  9.2),
  (2024, 'Segundo bimestre', 135,  6.0),
  (2024, 'Segundo bimestre', 136,  6.8),
  (2024, 'Segundo bimestre', 137,  7.6),
  (2024, 'Segundo bimestre', 138,  8.4),
  (2024, 'Segundo bimestre', 139,  9.2),
  (2024, 'Segundo bimestre', 140,  6.0),
  (2024, 'Segundo bimestre', 141,  6.8),
  (2024, 'Segundo bimestre', 142,  7.6),
  (2024, 'Segundo bimestre', 143,  8.4),
  (2024, 'Segundo bimestre', 144,  9.2),
  (2024, 'Segundo bimestre', 145,  6.0),
  (2024, 'Segundo bimestre', 146,  6.8),
  (2024, 'Segundo bimestre', 147,  7.6),
  (2024, 'Segundo bimestre', 148,  8.4),
  (2024, 'Segundo bimestre', 149,  9.2),
  (2024, 'Segundo bimestre', 150,  6.0),
  (2024, 'Segundo bimestre', 151,  6.8),
  (2024, 'Segundo bimestre', 152,  7.6),
  (2024, 'Segundo bimestre', 153,  8.4),
  (2024, 'Segundo bimestre', 154,  9.2),
  (2024, 'Segundo bimestre', 155,  6.0),
  (2024, 'Segundo bimestre', 156, 6.8),
  (2024, 'Segundo bimestre', 157, 7.6),
  (2024, 'Segundo bimestre', 158, 8.4),
  (2024, 'Segundo bimestre', 159, 9.2),
  (2024, 'Segundo bimestre', 160, 6.0),
  (2024, 'Segundo bimestre', 161, 6.8),
  (2024, 'Segundo bimestre', 162, 7.6),
  (2024, 'Segundo bimestre', 163, 8.4),
  (2024, 'Segundo bimestre', 164, 9.2),
  (2024, 'Segundo bimestre', 165, 6.0),
  (2024, 'Segundo bimestre', 166, 6.8),
  (2024, 'Segundo bimestre', 167, 7.6),
  (2024, 'Segundo bimestre', 168, 8.4),
  (2024, 'Segundo bimestre', 169, 9.2),
  (2024, 'Segundo bimestre', 170, 6.0),
  (2024, 'Segundo bimestre', 171, 6.8),
  (2024, 'Segundo bimestre', 172, 7.6),
  (2024, 'Segundo bimestre', 173, 8.4),
  (2024, 'Segundo bimestre', 174, 9.2),
  (2024, 'Segundo bimestre', 175, 6.0),
  (2024, 'Segundo bimestre', 176, 6.8),
  (2024, 'Segundo bimestre', 177, 7.6),
  (2024, 'Segundo bimestre', 178, 8.4),
  (2024, 'Segundo bimestre', 179, 9.2),
  (2024, 'Segundo bimestre', 180, 6.0),
  (2024, 'Segundo bimestre', 181, 6.8),
  (2024, 'Segundo bimestre', 182, 7.6),
  (2024, 'Segundo bimestre', 183, 8.4),
  (2024, 'Segundo bimestre', 184, 9.2),
  (2024, 'Segundo bimestre', 185, 6.0),
  (2024, 'Segundo bimestre', 186, 6.8),
  (2024, 'Segundo bimestre', 187, 7.6),
  (2024, 'Segundo bimestre', 188, 8.4),
  (2024, 'Segundo bimestre', 189, 9.2),
  (2024, 'Segundo bimestre', 190, 6.0),
  (2024, 'Segundo bimestre', 191, 6.8),
  (2024, 'Segundo bimestre', 192, 7.6),
  (2024, 'Segundo bimestre', 193, 8.4),
  (2024, 'Segundo bimestre', 194, 9.2),
  (2024, 'Segundo bimestre', 195, 6.0),
  (2024, 'Segundo bimestre', 196, 6.8),
  (2024, 'Segundo bimestre', 197, 7.6),
  (2024, 'Segundo bimestre', 198, 8.4),
  (2024, 'Segundo bimestre', 199, 9.2),
  (2024, 'Segundo bimestre', 200, 6.0),
  (2024, 'Segundo bimestre', 201, 6.8),
  (2024, 'Segundo bimestre', 202, 7.6),
  (2024, 'Segundo bimestre', 203, 8.4),
  (2024, 'Segundo bimestre', 204, 9.2),
  (2024, 'Segundo bimestre', 205, 6.0),
  (2024, 'Segundo bimestre', 206, 6.8),
  (2024, 'Segundo bimestre', 207, 7.6),
  (2024, 'Segundo bimestre', 208, 8.4),
  (2024, 'Segundo bimestre', 209, 9.2),
  (2024, 'Segundo bimestre', 210, 6.0),
  (2024, 'Segundo bimestre', 211, 6.8),
  (2024, 'Segundo bimestre', 212, 7.6),
  (2024, 'Segundo bimestre', 213, 8.4),
  (2024, 'Segundo bimestre', 214, 9.2),
  (2024, 'Segundo bimestre', 215, 6.0),
  (2024, 'Segundo bimestre', 216, 6.8),
  (2024, 'Segundo bimestre', 217, 7.6),
  (2024, 'Segundo bimestre', 218, 8.4),
  (2024, 'Segundo bimestre', 219, 9.2),
  (2024, 'Segundo bimestre', 220, 6.0),
  (2024, 'Segundo bimestre', 221, 6.8),
  (2024, 'Segundo bimestre', 222, 7.6),
  (2024, 'Segundo bimestre', 223, 8.4),
  (2024, 'Segundo bimestre', 224, 9.2),
  (2024, 'Segundo bimestre', 225, 6.0),
  (2024, 'Segundo bimestre', 226, 6.8),
  (2024, 'Segundo bimestre', 227, 7.6),
  (2024, 'Segundo bimestre', 228, 8.4),
  (2024, 'Segundo bimestre', 229, 9.2),
  (2024, 'Segundo bimestre', 230, 6.0),
  (2024, 'Segundo bimestre', 231, 6.8),
  (2024, 'Segundo bimestre', 232, 7.6),
  (2024, 'Segundo bimestre', 233, 8.4),
  (2024, 'Segundo bimestre', 234, 9.2),
  (2024, 'Segundo bimestre', 235, 6.0),
  (2024, 'Segundo bimestre', 236, 6.8),
  (2024, 'Segundo bimestre', 237, 7.6),
  (2024, 'Segundo bimestre', 238, 8.4),
  (2024, 'Segundo bimestre', 239, 9.2),
  (2024, 'Segundo bimestre', 240, 6.0),
  (2024, 'Segundo bimestre', 241, 6.8),
  (2024, 'Segundo bimestre', 242, 7.6),
  (2024, 'Segundo bimestre', 243, 8.4),
  (2024, 'Segundo bimestre', 244, 9.2),
  (2024, 'Segundo bimestre', 245, 6.0),
  (2024, 'Segundo bimestre', 246, 6.8),
  (2024, 'Segundo bimestre', 247, 7.6),
  (2024, 'Segundo bimestre', 248, 8.4),
  (2024, 'Segundo bimestre', 249, 9.2),
  (2024, 'Segundo bimestre', 250, 6.0),
  (2024, 'Segundo bimestre', 251, 6.8),
  (2024, 'Segundo bimestre', 252, 7.6),
  (2024, 'Segundo bimestre', 253, 8.4),
  (2024, 'Tercer bimestre', 1, 6.8),
  (2024, 'Tercer bimestre', 2, 7.6),
  (2024, 'Tercer bimestre', 3, 8.4),
  (2024, 'Tercer bimestre', 4, 9.2),
  (2024, 'Tercer bimestre', 5, 6.0),
  (2024, 'Tercer bimestre', 6, 6.8),
  (2024, 'Tercer bimestre', 7, 7.6),
  (2024, 'Tercer bimestre', 8, 8.4),
  (2024, 'Tercer bimestre', 9, 9.2),
  (2024, 'Tercer bimestre', 10, 6.0),
  (2024, 'Tercer bimestre', 11, 6.8),
  (2024, 'Tercer bimestre', 12, 7.6),
  (2024, 'Tercer bimestre', 13, 8.4),
  (2024, 'Tercer bimestre', 14, 9.2),
  (2024, 'Tercer bimestre', 15, 6.0),
  (2024, 'Tercer bimestre', 16, 6.8),
  (2024, 'Tercer bimestre', 17, 7.6),
  (2024, 'Tercer bimestre', 18, 8.4),
  (2024, 'Tercer bimestre', 19, 9.2),
  (2024, 'Tercer bimestre', 20, 6.0),
  (2024, 'Tercer bimestre', 21, 6.8),
  (2024, 'Tercer bimestre', 22, 7.6),
  (2024, 'Tercer bimestre', 23, 8.4),
  (2024, 'Tercer bimestre', 24, 9.2),
  (2024, 'Tercer bimestre', 25, 6.0),
  (2024, 'Tercer bimestre', 26, 6.8),
  (2024, 'Tercer bimestre', 27, 7.6),
  (2024, 'Tercer bimestre', 28, 8.4),
  (2024, 'Tercer bimestre', 29, 9.2),
  (2024, 'Tercer bimestre', 30, 6.0),
  (2024, 'Tercer bimestre', 31, 6.8),
  (2024, 'Tercer bimestre', 32, 7.6),
  (2024, 'Tercer bimestre', 33, 8.4),
  (2024, 'Tercer bimestre', 34, 9.2),
  (2024, 'Tercer bimestre', 35, 6.0),
  (2024, 'Tercer bimestre', 36, 6.8),
  (2024, 'Tercer bimestre', 37, 7.6),
  (2024, 'Tercer bimestre', 38, 8.4),
  (2024, 'Tercer bimestre', 39, 9.2),
  (2024, 'Tercer bimestre', 40, 6.0),
  (2024, 'Tercer bimestre', 41, 6.8),
  (2024, 'Tercer bimestre', 42, 7.6),
  (2024, 'Tercer bimestre', 43, 8.4),
  (2024, 'Tercer bimestre', 44, 9.2),
  (2024, 'Tercer bimestre', 45, 6.0),
  (2024, 'Tercer bimestre', 46, 6.8),
  (2024, 'Tercer bimestre', 47, 7.6),
  (2024, 'Tercer bimestre', 48, 8.4),
  (2024, 'Tercer bimestre', 49, 9.2),
  (2024, 'Tercer bimestre', 50, 6.0),
  (2024, 'Tercer bimestre', 51, 6.8),
  (2024, 'Tercer bimestre', 52, 7.6),
  (2024, 'Tercer bimestre', 53, 8.4),
  (2024, 'Tercer bimestre', 54, 9.2),
  (2024, 'Tercer bimestre', 55, 6.0),
  (2024, 'Tercer bimestre', 56, 6.8),
  (2024, 'Tercer bimestre', 57, 7.6),
  (2024, 'Tercer bimestre', 58, 8.4),
  (2024, 'Tercer bimestre', 59, 9.2),
  (2024, 'Tercer bimestre', 60, 6.0),
  (2024, 'Tercer bimestre', 61, 6.8),
  (2024, 'Tercer bimestre', 62, 7.6),
  (2024, 'Tercer bimestre', 63, 8.4),
  (2024, 'Tercer bimestre', 64, 9.2),
  (2024, 'Tercer bimestre', 65, 6.0),
  (2024, 'Tercer bimestre', 66, 6.8),
  (2024, 'Tercer bimestre', 67, 7.6),
  (2024, 'Tercer bimestre', 68, 8.4),
  (2024, 'Tercer bimestre', 69, 9.2),
  (2024, 'Tercer bimestre', 70, 6.0),
  (2024, 'Tercer bimestre', 71, 6.8),
  (2024, 'Tercer bimestre', 72, 7.6),
  (2024, 'Tercer bimestre', 73, 8.4),
  (2024, 'Tercer bimestre', 74, 9.2),
  (2024, 'Tercer bimestre', 75, 6.0),
  (2024, 'Tercer bimestre', 76, 6.8),
  (2024, 'Tercer bimestre', 77, 7.6),
  (2024, 'Tercer bimestre', 78, 8.4),
  (2024, 'Tercer bimestre', 79, 9.2),
  (2024, 'Tercer bimestre', 80, 6.0),
  (2024, 'Tercer bimestre', 81, 6.8),
  (2024, 'Tercer bimestre', 82, 7.6),
  (2024, 'Tercer bimestre', 83, 8.4),
  (2024, 'Tercer bimestre', 84, 9.2),
  (2024, 'Tercer bimestre', 85, 6.0),
  (2024, 'Tercer bimestre', 86, 6.8),
  (2024, 'Tercer bimestre', 87, 7.6),
  (2024, 'Tercer bimestre', 88, 8.4),
  (2024, 'Tercer bimestre', 89, 9.2),
  (2024, 'Tercer bimestre', 90, 6.0),
  (2024, 'Tercer bimestre', 91, 6.8),
  (2024, 'Tercer bimestre', 92, 7.6),
  (2024, 'Tercer bimestre', 93, 8.4),
  (2024, 'Tercer bimestre', 94, 9.2),
  (2024, 'Tercer bimestre', 95, 6.0),
  (2024, 'Tercer bimestre', 96, 6.8),
  (2024, 'Tercer bimestre', 97, 7.6),
  (2024, 'Tercer bimestre', 98, 8.4),
  (2024, 'Tercer bimestre', 99, 9.2),
  (2024, 'Tercer bimestre', 100, 6.0),
  (2024, 'Tercer bimestre', 101, 6.8),
  (2024, 'Tercer bimestre', 102, 7.6),
  (2024, 'Tercer bimestre', 103, 8.4),
  (2024, 'Tercer bimestre', 104, 9.2),
  (2024, 'Tercer bimestre', 105, 6.0),
  (2024, 'Tercer bimestre', 106, 6.8),
  (2024, 'Tercer bimestre', 107, 7.6),
  (2024, 'Tercer bimestre', 108, 8.4),
  (2024, 'Tercer bimestre', 109, 9.2),
  (2024, 'Tercer bimestre', 110, 6.0),
  (2024, 'Tercer bimestre', 111, 6.8),
  (2024, 'Tercer bimestre', 112, 7.6),
  (2024, 'Tercer bimestre', 113, 8.4),
  (2024, 'Tercer bimestre', 114, 9.2),
  (2024, 'Tercer bimestre', 115, 6.0),
  (2024, 'Tercer bimestre', 116, 6.8),
  (2024, 'Tercer bimestre', 117, 7.6),
  (2024, 'Tercer bimestre', 118, 8.4),
  (2024, 'Tercer bimestre', 119, 9.2),
  (2024, 'Tercer bimestre', 120, 6.0),
  (2024, 'Tercer bimestre', 121, 6.8),
  (2024, 'Tercer bimestre', 122, 7.6),
  (2024, 'Tercer bimestre', 123, 8.4),
  (2024, 'Tercer bimestre', 124, 9.2),
  (2024, 'Tercer bimestre', 125, 6.0),
  (2024, 'Tercer bimestre', 126, 6.8),
  (2024, 'Tercer bimestre', 127, 7.6),
  (2024, 'Tercer bimestre', 128, 8.4),
  (2024, 'Tercer bimestre', 129, 9.2),
  (2024, 'Tercer bimestre', 130, 6.0),
  (2024, 'Tercer bimestre', 131, 6.8),
  (2024, 'Tercer bimestre', 132, 7.6),
  (2024, 'Tercer bimestre', 133, 8.4),
  (2024, 'Tercer bimestre', 134, 9.2),
  (2024, 'Tercer bimestre', 135, 6.0),
  (2024, 'Tercer bimestre', 136, 6.8),
  (2024, 'Tercer bimestre', 137, 7.6),
  (2024, 'Tercer bimestre', 138, 8.4),
  (2024, 'Tercer bimestre', 139, 9.2),
  (2024, 'Tercer bimestre', 140, 6.0),
  (2024, 'Tercer bimestre', 141, 6.8),
  (2024, 'Tercer bimestre', 142, 7.6),
  (2024, 'Tercer bimestre', 143, 8.4),
  (2024, 'Tercer bimestre', 144, 9.2),
  (2024, 'Tercer bimestre', 145, 6.0),
  (2024, 'Tercer bimestre', 146, 6.8),
  (2024, 'Tercer bimestre', 147, 7.6),
  (2024, 'Tercer bimestre', 148, 8.4),
  (2024, 'Tercer bimestre', 149, 9.2),
  (2024, 'Tercer bimestre', 150, 6.0),
  (2024, 'Tercer bimestre', 151, 6.8),
  (2024, 'Tercer bimestre', 152, 7.6),
  (2024, 'Tercer bimestre', 153, 8.4),
  (2024, 'Tercer bimestre', 154, 9.2),
  (2024, 'Tercer bimestre', 155, 6.0),
  (2024, 'Tercer bimestre', 156,  6.8),
  (2024, 'Tercer bimestre', 157,  7.6),
  (2024, 'Tercer bimestre', 158,  8.4),
  (2024, 'Tercer bimestre', 159,  9.2),
  (2024, 'Tercer bimestre', 160,  6.0),
  (2024, 'Tercer bimestre', 161,  6.8),
  (2024, 'Tercer bimestre', 162,  7.6),
  (2024, 'Tercer bimestre', 163,  8.4),
  (2024, 'Tercer bimestre', 164,  9.2),
  (2024, 'Tercer bimestre', 165,  6.0),
  (2024, 'Tercer bimestre', 166,  6.8),
  (2024, 'Tercer bimestre', 167,  7.6),
  (2024, 'Tercer bimestre', 168,  8.4),
  (2024, 'Tercer bimestre', 169,  9.2),
  (2024, 'Tercer bimestre', 170,  6.0),
  (2024, 'Tercer bimestre', 171,  6.8),
  (2024, 'Tercer bimestre', 172,  7.6),
  (2024, 'Tercer bimestre', 173,  8.4),
  (2024, 'Tercer bimestre', 174,  9.2),
  (2024, 'Tercer bimestre', 175,  6.0),
  (2024, 'Tercer bimestre', 176,  6.8),
  (2024, 'Tercer bimestre', 177,  7.6),
  (2024, 'Tercer bimestre', 178,  8.4),
  (2024, 'Tercer bimestre', 179,  9.2),
  (2024, 'Tercer bimestre', 180,  6.0),
  (2024, 'Tercer bimestre', 181,  6.8),
  (2024, 'Tercer bimestre', 182,  7.6),
  (2024, 'Tercer bimestre', 183,  8.4),
  (2024, 'Tercer bimestre', 184,  9.2),
  (2024, 'Tercer bimestre', 185,  6.0),
  (2024, 'Tercer bimestre', 186,  6.8),
  (2024, 'Tercer bimestre', 187,  7.6),
  (2024, 'Tercer bimestre', 188,  8.4),
  (2024, 'Tercer bimestre', 189,  9.2),
  (2024, 'Tercer bimestre', 190,  6.0),
  (2024, 'Tercer bimestre', 191,  6.8),
  (2024, 'Tercer bimestre', 192,  7.6),
  (2024, 'Tercer bimestre', 193,  8.4),
  (2024, 'Tercer bimestre', 194,  9.2),
  (2024, 'Tercer bimestre', 195,  6.0),
  (2024, 'Tercer bimestre', 196,  6.8),
  (2024, 'Tercer bimestre', 197,  7.6),
  (2024, 'Tercer bimestre', 198,  8.4),
  (2024, 'Tercer bimestre', 199,  9.2),
  (2024, 'Tercer bimestre', 200,  6.0),
  (2024, 'Tercer bimestre', 201,  6.8),
  (2024, 'Tercer bimestre', 202,  7.6),
  (2024, 'Tercer bimestre', 203,  8.4),
  (2024, 'Tercer bimestre', 204,  9.2),
  (2024, 'Tercer bimestre', 205,  6.0),
  (2024, 'Tercer bimestre', 206,  6.8),
  (2024, 'Tercer bimestre', 207,  7.6),
  (2024, 'Tercer bimestre', 208,  8.4),
  (2024, 'Tercer bimestre', 209,  9.2),
  (2024, 'Tercer bimestre', 210,  6.0),
  (2024, 'Tercer bimestre', 211,  6.8),
  (2024, 'Tercer bimestre', 212,  7.6),
  (2024, 'Tercer bimestre', 213,  8.4),
  (2024, 'Tercer bimestre', 214,  9.2),
  (2024, 'Tercer bimestre', 215,  6.0),
  (2024, 'Tercer bimestre', 216,  6.8),
  (2024, 'Tercer bimestre', 217,  7.6),
  (2024, 'Tercer bimestre', 218,  8.4),
  (2024, 'Tercer bimestre', 219,  9.2),
  (2024, 'Tercer bimestre', 220,  6.0),
  (2024, 'Tercer bimestre', 221,  6.8),
  (2024, 'Tercer bimestre', 222,  7.6),
  (2024, 'Tercer bimestre', 223,  8.4),
  (2024, 'Tercer bimestre', 224,  9.2),
  (2024, 'Tercer bimestre', 225,  6.0),
  (2024, 'Tercer bimestre', 226,  6.8),
  (2024, 'Tercer bimestre', 227,  7.6),
  (2024, 'Tercer bimestre', 228,  8.4),
  (2024, 'Tercer bimestre', 229,  9.2),
  (2024, 'Tercer bimestre', 230,  6.0),
  (2024, 'Tercer bimestre', 231,  6.8),
  (2024, 'Tercer bimestre', 232,  7.6),
  (2024, 'Tercer bimestre', 233,  8.4),
  (2024, 'Tercer bimestre', 234,  9.2),
  (2024, 'Tercer bimestre', 235,  6.0),
  (2024, 'Tercer bimestre', 236,  6.8),
  (2024, 'Tercer bimestre', 237,  7.6),
  (2024, 'Tercer bimestre', 238,  8.4),
  (2024, 'Tercer bimestre', 239,  9.2),
  (2024, 'Tercer bimestre', 240,  6.0),
  (2024, 'Tercer bimestre', 241,  6.8),
  (2024, 'Tercer bimestre', 242,  7.6),
  (2024, 'Tercer bimestre', 243,  8.4),
  (2024, 'Tercer bimestre', 244,  9.2),
  (2024, 'Tercer bimestre', 245,  6.0),
  (2024, 'Tercer bimestre', 246,  6.8),
  (2024, 'Tercer bimestre', 247,  7.6),
  (2024, 'Tercer bimestre', 248,  8.4),
  (2024, 'Tercer bimestre', 249,  9.2),
  (2024, 'Tercer bimestre', 250,  6.0),
  (2024, 'Tercer bimestre', 251,  6.8),
  (2024, 'Tercer bimestre', 252,  7.6),
  (2024, 'Tercer bimestre', 253,  8.4),
  (2024, 'Cuarto bimestre', 1, 6.8),
  (2024, 'Cuarto bimestre', 2, 7.6),
  (2024, 'Cuarto bimestre', 3, 8.4),
  (2024, 'Cuarto bimestre', 4, 9.2),
  (2024, 'Cuarto bimestre', 5, 6.0),
  (2024, 'Cuarto bimestre', 6, 6.8),
  (2024, 'Cuarto bimestre', 7, 7.6),
  (2024, 'Cuarto bimestre', 8, 8.4),
  (2024, 'Cuarto bimestre', 9, 9.2),
  (2024, 'Cuarto bimestre', 10, 6.0),
  (2024, 'Cuarto bimestre', 11, 6.8),
  (2024, 'Cuarto bimestre', 12, 7.6),
  (2024, 'Cuarto bimestre', 13, 8.4),
  (2024, 'Cuarto bimestre', 14, 9.2),
  (2024, 'Cuarto bimestre', 15, 6.0),
  (2024, 'Cuarto bimestre', 16, 6.8),
  (2024, 'Cuarto bimestre', 17, 7.6),
  (2024, 'Cuarto bimestre', 18, 8.4),
  (2024, 'Cuarto bimestre', 19, 9.2),
  (2024, 'Cuarto bimestre', 20, 6.0),
  (2024, 'Cuarto bimestre', 21, 6.8),
  (2024, 'Cuarto bimestre', 22, 7.6),
  (2024, 'Cuarto bimestre', 23, 8.4),
  (2024, 'Cuarto bimestre', 24, 9.2),
  (2024, 'Cuarto bimestre', 25, 6.0),
  (2024, 'Cuarto bimestre', 26, 6.8),
  (2024, 'Cuarto bimestre', 27, 7.6),
  (2024, 'Cuarto bimestre', 28, 8.4),
  (2024, 'Cuarto bimestre', 29, 9.2),
  (2024, 'Cuarto bimestre', 30, 6.0),
  (2024, 'Cuarto bimestre', 31, 6.8),
  (2024, 'Cuarto bimestre', 32, 7.6),
  (2024, 'Cuarto bimestre', 33, 8.4),
  (2024, 'Cuarto bimestre', 34, 9.2),
  (2024, 'Cuarto bimestre', 35, 6.0),
  (2024, 'Cuarto bimestre', 36, 6.8),
  (2024, 'Cuarto bimestre', 37, 7.6),
  (2024, 'Cuarto bimestre', 38, 8.4),
  (2024, 'Cuarto bimestre', 39, 9.2),
  (2024, 'Cuarto bimestre', 40, 6.0),
  (2024, 'Cuarto bimestre', 41, 6.8),
  (2024, 'Cuarto bimestre', 42, 7.6),
  (2024, 'Cuarto bimestre', 43, 8.4),
  (2024, 'Cuarto bimestre', 44, 9.2),
  (2024, 'Cuarto bimestre', 45, 6.0),
  (2024, 'Cuarto bimestre', 46, 6.8),
  (2024, 'Cuarto bimestre', 47, 7.6),
  (2024, 'Cuarto bimestre', 48, 8.4),
  (2024, 'Cuarto bimestre', 49, 9.2),
  (2024, 'Cuarto bimestre', 50, 6.0),
  (2024, 'Cuarto bimestre', 51, 6.8),
  (2024, 'Cuarto bimestre', 52, 7.6),
  (2024, 'Cuarto bimestre', 53, 8.4),
  (2024, 'Cuarto bimestre', 54, 9.2),
  (2024, 'Cuarto bimestre', 55, 6.0),
  (2024, 'Cuarto bimestre', 56, 6.8),
  (2024, 'Cuarto bimestre', 57, 7.6),
  (2024, 'Cuarto bimestre', 58, 8.4),
  (2024, 'Cuarto bimestre', 59, 9.2),
  (2024, 'Cuarto bimestre', 60, 6.0),
  (2024, 'Cuarto bimestre', 61, 6.8),
  (2024, 'Cuarto bimestre', 62, 7.6),
  (2024, 'Cuarto bimestre', 63, 8.4),
  (2024, 'Cuarto bimestre', 64, 9.2),
  (2024, 'Cuarto bimestre', 65, 6.0),
  (2024, 'Cuarto bimestre', 66, 6.8),
  (2024, 'Cuarto bimestre', 67, 7.6),
  (2024, 'Cuarto bimestre', 68, 8.4),
  (2024, 'Cuarto bimestre', 69, 9.2),
  (2024, 'Cuarto bimestre', 70, 6.0),
  (2024, 'Cuarto bimestre', 71, 6.8),
  (2024, 'Cuarto bimestre', 72, 7.6),
  (2024, 'Cuarto bimestre', 73, 8.4),
  (2024, 'Cuarto bimestre', 74, 9.2),
  (2024, 'Cuarto bimestre', 75, 6.0),
  (2024, 'Cuarto bimestre', 76, 6.8),
  (2024, 'Cuarto bimestre', 77, 7.6),
  (2024, 'Cuarto bimestre', 78, 8.4),
  (2024, 'Cuarto bimestre', 79, 9.2),
  (2024, 'Cuarto bimestre', 80, 6.0),
  (2024, 'Cuarto bimestre', 81, 6.8),
  (2024, 'Cuarto bimestre', 82, 7.6),
  (2024, 'Cuarto bimestre', 83, 8.4),
  (2024, 'Cuarto bimestre', 84, 9.2),
  (2024, 'Cuarto bimestre', 85, 6.0),
  (2024, 'Cuarto bimestre', 86, 6.8),
  (2024, 'Cuarto bimestre', 87, 7.6),
  (2024, 'Cuarto bimestre', 88, 8.4),
  (2024, 'Cuarto bimestre', 89, 9.2),
  (2024, 'Cuarto bimestre', 90, 6.0),
  (2024, 'Cuarto bimestre', 91, 6.8),
  (2024, 'Cuarto bimestre', 92, 7.6),
  (2024, 'Cuarto bimestre', 93, 8.4),
  (2024, 'Cuarto bimestre', 94, 9.2),
  (2024, 'Cuarto bimestre', 95, 6.0),
  (2024, 'Cuarto bimestre', 96, 6.8),
  (2024, 'Cuarto bimestre', 97, 7.6),
  (2024, 'Cuarto bimestre', 98, 8.4),
  (2024, 'Cuarto bimestre', 99, 9.2),
  (2024, 'Cuarto bimestre', 100, 6.0),
  (2024, 'Cuarto bimestre', 101, 6.8),
  (2024, 'Cuarto bimestre', 102, 7.6),
  (2024, 'Cuarto bimestre', 103, 8.4),
  (2024, 'Cuarto bimestre', 104, 9.2),
  (2024, 'Cuarto bimestre', 105, 6.0),
  (2024, 'Cuarto bimestre', 106, 6.8),
  (2024, 'Cuarto bimestre', 107, 7.6),
  (2024, 'Cuarto bimestre', 108, 8.4),
  (2024, 'Cuarto bimestre', 109, 9.2),
  (2024, 'Cuarto bimestre', 110, 6.0),
  (2024, 'Cuarto bimestre', 111, 6.8),
  (2024, 'Cuarto bimestre', 112, 7.6),
  (2024, 'Cuarto bimestre', 113, 8.4),
  (2024, 'Cuarto bimestre', 114, 9.2),
  (2024, 'Cuarto bimestre', 115, 6.0),
  (2024, 'Cuarto bimestre', 116, 6.8),
  (2024, 'Cuarto bimestre', 117, 7.6),
  (2024, 'Cuarto bimestre', 118, 8.4),
  (2024, 'Cuarto bimestre', 119, 9.2),
  (2024, 'Cuarto bimestre', 120, 6.0),
  (2024, 'Cuarto bimestre', 121, 6.8),
  (2024, 'Cuarto bimestre', 122, 7.6),
  (2024, 'Cuarto bimestre', 123, 8.4),
  (2024, 'Cuarto bimestre', 124, 9.2),
  (2024, 'Cuarto bimestre', 125, 6.0),
  (2024, 'Cuarto bimestre', 126, 6.8),
  (2024, 'Cuarto bimestre', 127, 7.6),
  (2024, 'Cuarto bimestre', 128, 8.4),
  (2024, 'Cuarto bimestre', 129, 9.2),
  (2024, 'Cuarto bimestre', 130, 6.0),
  (2024, 'Cuarto bimestre', 131, 6.8),
  (2024, 'Cuarto bimestre', 132, 7.6),
  (2024, 'Cuarto bimestre', 133, 8.4),
  (2024, 'Cuarto bimestre', 134, 9.2),
  (2024, 'Cuarto bimestre', 135, 6.0),
  (2024, 'Cuarto bimestre', 136, 6.8),
  (2024, 'Cuarto bimestre', 137, 7.6),
  (2024, 'Cuarto bimestre', 138, 8.4),
  (2024, 'Cuarto bimestre', 139, 9.2),
  (2024, 'Cuarto bimestre', 140, 6.0),
  (2024, 'Cuarto bimestre', 141, 6.8),
  (2024, 'Cuarto bimestre', 142, 7.6),
  (2024, 'Cuarto bimestre', 143, 8.4),
  (2024, 'Cuarto bimestre', 144, 9.2),
  (2024, 'Cuarto bimestre', 145, 6.0),
  (2024, 'Cuarto bimestre', 146, 6.8),
  (2024, 'Cuarto bimestre', 147, 7.6),
  (2024, 'Cuarto bimestre', 148, 8.4),
  (2024, 'Cuarto bimestre', 149, 9.2),
  (2024, 'Cuarto bimestre', 150, 6.0),
  (2024, 'Cuarto bimestre', 151, 6.8),
  (2024, 'Cuarto bimestre', 152, 7.6),
  (2024, 'Cuarto bimestre', 153, 8.4),
  (2024, 'Cuarto bimestre', 154, 9.2),
  (2024, 'Cuarto bimestre', 155, 6.0),
  (2024, 'Cuarto bimestre', 156, 6.8),
  (2024, 'Cuarto bimestre', 157, 7.6),
  (2024, 'Cuarto bimestre', 158, 8.4),
  (2024, 'Cuarto bimestre', 159, 9.2),
  (2024, 'Cuarto bimestre', 160, 6.0),
  (2024, 'Cuarto bimestre', 161, 6.8),
  (2024, 'Cuarto bimestre', 162, 7.6),
  (2024, 'Cuarto bimestre', 163, 8.4),
  (2024, 'Cuarto bimestre', 164, 9.2),
  (2024, 'Cuarto bimestre', 165, 6.0),
  (2024, 'Cuarto bimestre', 166, 6.8),
  (2024, 'Cuarto bimestre', 167, 7.6),
  (2024, 'Cuarto bimestre', 168, 8.4),
  (2024, 'Cuarto bimestre', 169, 9.2),
  (2024, 'Cuarto bimestre', 170, 6.0),
  (2024, 'Cuarto bimestre', 171, 6.8),
  (2024, 'Cuarto bimestre', 172, 7.6),
  (2024, 'Cuarto bimestre', 173, 8.4),
  (2024, 'Cuarto bimestre', 174, 9.2),
  (2024, 'Cuarto bimestre', 175, 6.0),
  (2024, 'Cuarto bimestre', 176, 6.8),
  (2024, 'Cuarto bimestre', 177, 7.6),
  (2024, 'Cuarto bimestre', 178, 8.4),
  (2024, 'Cuarto bimestre', 179, 9.2),
  (2024, 'Cuarto bimestre', 180, 6.0),
  (2024, 'Cuarto bimestre', 181, 6.8),
  (2024, 'Cuarto bimestre', 182, 7.6),
  (2024, 'Cuarto bimestre', 183, 8.4),
  (2024, 'Cuarto bimestre', 184, 9.2),
  (2024, 'Cuarto bimestre', 185, 6.0),
  (2024, 'Cuarto bimestre', 186, 6.8),
  (2024, 'Cuarto bimestre', 187, 7.6),
  (2024, 'Cuarto bimestre', 188, 8.4),
  (2024, 'Cuarto bimestre', 189, 9.2),
  (2024, 'Cuarto bimestre', 190, 6.0),
  (2024, 'Cuarto bimestre', 191, 6.8),
  (2024, 'Cuarto bimestre', 192, 7.6),
  (2024, 'Cuarto bimestre', 193, 8.4),
  (2024, 'Cuarto bimestre', 194, 9.2),
  (2024, 'Cuarto bimestre', 195, 6.0),
  (2024, 'Cuarto bimestre', 196, 6.8),
  (2024, 'Cuarto bimestre', 197, 7.6),
  (2024, 'Cuarto bimestre', 198, 8.4),
  (2024, 'Cuarto bimestre', 199, 9.2),
  (2024, 'Cuarto bimestre', 200, 6.0),
  (2024, 'Cuarto bimestre', 201, 6.8),
  (2024, 'Cuarto bimestre', 202, 7.6),
  (2024, 'Cuarto bimestre', 203, 8.4),
  (2024, 'Cuarto bimestre', 204, 9.2),
  (2024, 'Cuarto bimestre', 205, 6.0),
  (2024, 'Cuarto bimestre', 206, 6.8),
  (2024, 'Cuarto bimestre', 207, 7.6),
  (2024, 'Cuarto bimestre', 208, 8.4),
  (2024, 'Cuarto bimestre', 209, 9.2),
  (2024, 'Cuarto bimestre', 210, 6.0),
  (2024, 'Cuarto bimestre', 211, 6.8),
  (2024, 'Cuarto bimestre', 212, 7.6),
  (2024, 'Cuarto bimestre', 213, 8.4),
  (2024, 'Cuarto bimestre', 214, 9.2),
  (2024, 'Cuarto bimestre', 215, 6.0),
  (2024, 'Cuarto bimestre', 216, 6.8),
  (2024, 'Cuarto bimestre', 217, 7.6),
  (2024, 'Cuarto bimestre', 218, 8.4),
  (2024, 'Cuarto bimestre', 219, 9.2),
  (2024, 'Cuarto bimestre', 220, 6.0),
  (2024, 'Cuarto bimestre', 221, 6.8),
  (2024, 'Cuarto bimestre', 222, 7.6),
  (2024, 'Cuarto bimestre', 223, 8.4),
  (2024, 'Cuarto bimestre', 224, 9.2),
  (2024, 'Cuarto bimestre', 225, 6.0),
  (2024, 'Cuarto bimestre', 226, 6.8),
  (2024, 'Cuarto bimestre', 227, 7.6),
  (2024, 'Cuarto bimestre', 228, 8.4),
  (2024, 'Cuarto bimestre', 229, 9.2),
  (2024, 'Cuarto bimestre', 230, 6.0),
  (2024, 'Cuarto bimestre', 231, 6.8),
  (2024, 'Cuarto bimestre', 232, 7.6),
  (2024, 'Cuarto bimestre', 233, 8.4),
  (2024, 'Cuarto bimestre', 234, 9.2),
  (2024, 'Cuarto bimestre', 235, 6.0),
  (2024, 'Cuarto bimestre', 236, 6.8),
  (2024, 'Cuarto bimestre', 237, 7.6),
  (2024, 'Cuarto bimestre', 238, 8.4),
  (2024, 'Cuarto bimestre', 239, 9.2),
  (2024, 'Cuarto bimestre', 240, 6.0),
  (2024, 'Cuarto bimestre', 241, 6.8),
  (2024, 'Cuarto bimestre', 242, 7.6),
  (2024, 'Cuarto bimestre', 243, 8.4),
  (2024, 'Cuarto bimestre', 244, 9.2),
  (2024, 'Cuarto bimestre', 245, 6.0),
  (2024, 'Cuarto bimestre', 246, 6.8),
  (2024, 'Cuarto bimestre', 247, 7.6),
  (2024, 'Cuarto bimestre', 248, 8.4),
  (2024, 'Cuarto bimestre', 249, 9.2),
  (2024, 'Cuarto bimestre', 250, 6.0),
  (2024, 'Cuarto bimestre', 251, 6.8),
  (2024, 'Cuarto bimestre', 252, 7.6),
  (2024, 'Cuarto bimestre', 253, 8.4),
  (2025, 'Primer bimestre', 1, 6.8),
  (2025, 'Primer bimestre', 2, 7.6),
  (2025, 'Primer bimestre', 3, 8.4),
  (2025, 'Primer bimestre', 4, 9.2),
  (2025, 'Primer bimestre', 5, 6.0),
  (2025, 'Primer bimestre', 6, 6.8),
  (2025, 'Primer bimestre', 7, 7.6),
  (2025, 'Primer bimestre', 8, 8.4),
  (2025, 'Primer bimestre', 9, 9.2),
  (2025, 'Primer bimestre', 10, 6.0),
  (2025, 'Primer bimestre', 11, 6.8),
  (2025, 'Primer bimestre', 12, 7.6),
  (2025, 'Primer bimestre', 13, 8.4),
  (2025, 'Primer bimestre', 14, 9.2),
  (2025, 'Primer bimestre', 15, 6.0),
  (2025, 'Primer bimestre', 16, 6.8),
  (2025, 'Primer bimestre', 17, 7.6),
  (2025, 'Primer bimestre', 18, 8.4),
  (2025, 'Primer bimestre', 19, 9.2),
  (2025, 'Primer bimestre', 20, 6.0),
  (2025, 'Primer bimestre', 21, 6.8),
  (2025, 'Primer bimestre', 22, 7.6),
  (2025, 'Primer bimestre', 23, 8.4),
  (2025, 'Primer bimestre', 24, 9.2),
  (2025, 'Primer bimestre', 25, 6.0),
  (2025, 'Primer bimestre', 26, 6.8),
  (2025, 'Primer bimestre', 27, 7.6),
  (2025, 'Primer bimestre', 28, 8.4),
  (2025, 'Primer bimestre', 29, 9.2),
  (2025, 'Primer bimestre', 30, 6.0),
  (2025, 'Primer bimestre', 31, 6.8),
  (2025, 'Primer bimestre', 32, 7.6),
  (2025, 'Primer bimestre', 33, 8.4),
  (2025, 'Primer bimestre', 34, 9.2),
  (2025, 'Primer bimestre', 35, 6.0),
  (2025, 'Primer bimestre', 36, 6.8),
  (2025, 'Primer bimestre', 37, 7.6),
  (2025, 'Primer bimestre', 38, 8.4),
  (2025, 'Primer bimestre', 39, 9.2),
  (2025, 'Primer bimestre', 40, 6.0),
  (2025, 'Primer bimestre', 41, 6.8),
  (2025, 'Primer bimestre', 42, 7.6),
  (2025, 'Primer bimestre', 43, 8.4),
  (2025, 'Primer bimestre', 44, 9.2),
  (2025, 'Primer bimestre', 45, 6.0),
  (2025, 'Primer bimestre', 46, 6.8),
  (2025, 'Primer bimestre', 47, 7.6),
  (2025, 'Primer bimestre', 48, 8.4),
  (2025, 'Primer bimestre', 49, 9.2),
  (2025, 'Primer bimestre', 50, 6.0),
  (2025, 'Primer bimestre', 51, 6.8),
  (2025, 'Primer bimestre', 52, 7.6),
  (2025, 'Primer bimestre', 53, 8.4),
  (2025, 'Primer bimestre', 54, 9.2),
  (2025, 'Primer bimestre', 55, 6.0),
  (2025, 'Primer bimestre', 56, 6.8),
  (2025, 'Primer bimestre', 57, 7.6),
  (2025, 'Primer bimestre', 58, 8.4),
  (2025, 'Primer bimestre', 59, 9.2),
  (2025, 'Primer bimestre', 60, 6.0),
  (2025, 'Primer bimestre', 61, 6.8),
  (2025, 'Primer bimestre', 62, 7.6),
  (2025, 'Primer bimestre', 63, 8.4),
  (2025, 'Primer bimestre', 64, 9.2),
  (2025, 'Primer bimestre', 65, 6.0),
  (2025, 'Primer bimestre', 66, 6.8),
  (2025, 'Primer bimestre', 67, 7.6),
  (2025, 'Primer bimestre', 68, 8.4),
  (2025, 'Primer bimestre', 69, 9.2),
  (2025, 'Primer bimestre', 70, 6.0),
  (2025, 'Primer bimestre', 71, 6.8),
  (2025, 'Primer bimestre', 72, 7.6),
  (2025, 'Primer bimestre', 73, 8.4),
  (2025, 'Primer bimestre', 74, 9.2),
  (2025, 'Primer bimestre', 75, 6.0),
  (2025, 'Primer bimestre', 76, 6.8),
  (2025, 'Primer bimestre', 77, 7.6),
  (2025, 'Primer bimestre', 78, 8.4),
  (2025, 'Primer bimestre', 79, 9.2),
  (2025, 'Primer bimestre', 80, 6.0),
  (2025, 'Primer bimestre', 81, 6.8),
  (2025, 'Primer bimestre', 82, 7.6),
  (2025, 'Primer bimestre', 83, 8.4),
  (2025, 'Primer bimestre', 84, 9.2),
  (2025, 'Primer bimestre', 85, 6.0),
  (2025, 'Primer bimestre', 86, 6.8),
  (2025, 'Primer bimestre', 87, 7.6),
  (2025, 'Primer bimestre', 88, 8.4),
  (2025, 'Primer bimestre', 89, 9.2),
  (2025, 'Primer bimestre', 90, 6.0),
  (2025, 'Primer bimestre', 91, 6.8),
  (2025, 'Primer bimestre', 92, 7.6),
  (2025, 'Primer bimestre', 93, 8.4),
  (2025, 'Primer bimestre', 94, 9.2),
  (2025, 'Primer bimestre', 95, 6.0),
  (2025, 'Primer bimestre', 96, 6.8),
  (2025, 'Primer bimestre', 97, 7.6),
  (2025, 'Primer bimestre', 98, 8.4),
  (2025, 'Primer bimestre', 99, 9.2),
  (2025, 'Primer bimestre', 100, 6.0),
  (2025, 'Primer bimestre', 101, 6.8),
  (2025, 'Primer bimestre', 102, 7.6),
  (2025, 'Primer bimestre', 103, 8.4),
  (2025, 'Primer bimestre', 104, 9.2),
  (2025, 'Primer bimestre', 105, 6.0),
  (2025, 'Primer bimestre', 106, 6.8),
  (2025, 'Primer bimestre', 107, 7.6),
  (2025, 'Primer bimestre', 108, 8.4),
  (2025, 'Primer bimestre', 109, 9.2),
  (2025, 'Primer bimestre', 110, 6.0),
  (2025, 'Primer bimestre', 111, 6.8),
  (2025, 'Primer bimestre', 112, 7.6),
  (2025, 'Primer bimestre', 113, 8.4),
  (2025, 'Primer bimestre', 114, 9.2),
  (2025, 'Primer bimestre', 115, 6.0),
  (2025, 'Primer bimestre', 116, 6.8),
  (2025, 'Primer bimestre', 117, 7.6),
  (2025, 'Primer bimestre', 118, 8.4),
  (2025, 'Primer bimestre', 119, 9.2),
  (2025, 'Primer bimestre', 120, 6.0),
  (2025, 'Primer bimestre', 121, 6.8),
  (2025, 'Primer bimestre', 122, 7.6),
  (2025, 'Primer bimestre', 123, 8.4),
  (2025, 'Primer bimestre', 124, 9.2),
  (2025, 'Primer bimestre', 125, 6.0),
  (2025, 'Primer bimestre', 126, 6.8),
  (2025, 'Primer bimestre', 127, 7.6),
  (2025, 'Primer bimestre', 128, 8.4),
  (2025, 'Primer bimestre', 129, 9.2),
  (2025, 'Primer bimestre', 130, 6.0),
  (2025, 'Primer bimestre', 131, 6.8),
  (2025, 'Primer bimestre', 132, 7.6),
  (2025, 'Primer bimestre', 133, 8.4),
  (2025, 'Primer bimestre', 134, 9.2),
  (2025, 'Primer bimestre', 135, 6.0),
  (2025, 'Primer bimestre', 136, 6.8),
  (2025, 'Primer bimestre', 137, 7.6),
  (2025, 'Primer bimestre', 138, 8.4),
  (2025, 'Primer bimestre', 139, 9.2),
  (2025, 'Primer bimestre', 140, 6.0),
  (2025, 'Primer bimestre', 141, 6.8),
  (2025, 'Primer bimestre', 142, 7.6),
  (2025, 'Primer bimestre', 143, 8.4),
  (2025, 'Primer bimestre', 144, 9.2),
  (2025, 'Primer bimestre', 145, 6.0),
  (2025, 'Primer bimestre', 146, 6.8),
  (2025, 'Primer bimestre', 147, 7.6),
  (2025, 'Primer bimestre', 148, 8.4),
  (2025, 'Primer bimestre', 149, 9.2),
  (2025, 'Primer bimestre', 150, 6.0),
  (2025, 'Primer bimestre', 151, 6.8),
  (2025, 'Primer bimestre', 152, 7.6),
  (2025, 'Primer bimestre', 153, 8.4),
  (2025, 'Primer bimestre', 154, 9.2),
  (2025, 'Primer bimestre', 155, 6.0),
  (2025, 'Primer bimestre', 156, 6.8),
  (2025, 'Primer bimestre', 157, 7.6),
  (2025, 'Primer bimestre', 158, 8.4),
  (2025, 'Primer bimestre', 159, 9.2),
  (2025, 'Primer bimestre', 160, 6.0),
  (2025, 'Primer bimestre', 161, 6.8),
  (2025, 'Primer bimestre', 162, 7.6),
  (2025, 'Primer bimestre', 163, 8.4),
  (2025, 'Primer bimestre', 164, 9.2),
  (2025, 'Primer bimestre', 165, 6.0),
  (2025, 'Primer bimestre', 166, 6.8),
  (2025, 'Primer bimestre', 167, 7.6),
  (2025, 'Primer bimestre', 168, 8.4),
  (2025, 'Primer bimestre', 169, 9.2),
  (2025, 'Primer bimestre', 170, 6.0),
  (2025, 'Primer bimestre', 171, 6.8),
  (2025, 'Primer bimestre', 172, 7.6),
  (2025, 'Primer bimestre', 173, 8.4),
  (2025, 'Primer bimestre', 174, 9.2),
  (2025, 'Primer bimestre', 175, 6.0),
  (2025, 'Primer bimestre', 176, 6.8),
  (2025, 'Primer bimestre', 177, 7.6),
  (2025, 'Primer bimestre', 178, 8.4),
  (2025, 'Primer bimestre', 179, 9.2),
  (2025, 'Primer bimestre', 180, 6.0),
  (2025, 'Primer bimestre', 181, 6.8),
  (2025, 'Primer bimestre', 182, 7.6),
  (2025, 'Primer bimestre', 183, 8.4),
  (2025, 'Primer bimestre', 184, 9.2),
  (2025, 'Primer bimestre', 185, 6.0),
  (2025, 'Primer bimestre', 186, 6.8),
  (2025, 'Primer bimestre', 187, 7.6),
  (2025, 'Primer bimestre', 188, 8.4),
  (2025, 'Primer bimestre', 189, 9.2),
  (2025, 'Primer bimestre', 190, 6.0),
  (2025, 'Primer bimestre', 191, 6.8),
  (2025, 'Primer bimestre', 192, 7.6),
  (2025, 'Primer bimestre', 193, 8.4),
  (2025, 'Primer bimestre', 194, 9.2),
  (2025, 'Primer bimestre', 195, 6.0),
  (2025, 'Primer bimestre', 196, 6.8),
  (2025, 'Primer bimestre', 197, 7.6),
  (2025, 'Primer bimestre', 198, 8.4),
  (2025, 'Primer bimestre', 199, 9.2),
  (2025, 'Primer bimestre', 200, 6.0),
  (2025, 'Primer bimestre', 201, 6.8),
  (2025, 'Primer bimestre', 202, 7.6),
  (2025, 'Primer bimestre', 203, 8.4),
  (2025, 'Primer bimestre', 204, 9.2),
  (2025, 'Primer bimestre', 205, 6.0),
  (2025, 'Primer bimestre', 206, 6.8),
  (2025, 'Primer bimestre', 207, 7.6),
  (2025, 'Primer bimestre', 208, 8.4),
  (2025, 'Primer bimestre', 209, 9.2),
  (2025, 'Primer bimestre', 210, 6.0),
  (2025, 'Primer bimestre', 211, 6.8),
  (2025, 'Primer bimestre', 212, 7.6),
  (2025, 'Primer bimestre', 213, 8.4),
  (2025, 'Primer bimestre', 214, 9.2),
  (2025, 'Primer bimestre', 215, 6.0),
  (2025, 'Primer bimestre', 216, 6.8),
  (2025, 'Primer bimestre', 217, 7.6),
  (2025, 'Primer bimestre', 218, 8.4),
  (2025, 'Primer bimestre', 219, 9.2),
  (2025, 'Primer bimestre', 220, 6.0),
  (2025, 'Primer bimestre', 221, 6.8),
  (2025, 'Primer bimestre', 222, 7.6),
  (2025, 'Primer bimestre', 223, 8.4),
  (2025, 'Primer bimestre', 224, 9.2),
  (2025, 'Primer bimestre', 225, 6.0),
  (2025, 'Primer bimestre', 226, 6.8),
  (2025, 'Primer bimestre', 227, 7.6),
  (2025, 'Primer bimestre', 228, 8.4),
  (2025, 'Primer bimestre', 229, 9.2),
  (2025, 'Primer bimestre', 230, 6.0),
  (2025, 'Primer bimestre', 231, 6.8),
  (2025, 'Primer bimestre', 232, 7.6),
  (2025, 'Primer bimestre', 233, 8.4),
  (2025, 'Primer bimestre', 234, 9.2),
  (2025, 'Primer bimestre', 235, 6.0),
  (2025, 'Primer bimestre', 236, 6.8),
  (2025, 'Primer bimestre', 237, 7.6),
  (2025, 'Primer bimestre', 238, 8.4),
  (2025, 'Primer bimestre', 239, 9.2),
  (2025, 'Primer bimestre', 240, 6.0),
  (2025, 'Primer bimestre', 241, 6.8),
  (2025, 'Primer bimestre', 242, 7.6),
  (2025, 'Primer bimestre', 243, 8.4),
  (2025, 'Primer bimestre', 244, 9.2),
  (2025, 'Primer bimestre', 245, 6.0),
  (2025, 'Primer bimestre', 246, 6.8),
  (2025, 'Primer bimestre', 247, 7.6),
  (2025, 'Primer bimestre', 248, 8.4),
  (2025, 'Primer bimestre', 249, 9.2),
  (2025, 'Primer bimestre', 250, 6.0),
  (2025, 'Primer bimestre', 251, 6.8),
  (2025, 'Primer bimestre', 252, 7.6),
  (2025, 'Primer bimestre', 253, 8.4);
